directory,converged,nllf,aic,bic,chisquare,chisquare p-value,n_observations,effect size,chisquare(e),chisquare(e) p-value,chisquare(e) power,n_components,mu0,kappa0,prob0,mu1,kappa1,prob1,mu2,kappa2,prob2,mu3,kappa3,prob3,number of files,filenames
177_09,1,1080450.7317939415,2160923.4635878829,2160958.5861132429,318.31541712872314,2.2311310299150132e-11,232540.12139999995,0.042613134004894658,428.07022325009689,0.99998471475220463,1.0,4,81.64319232337601,4.191456305552503,0.5886656084287666,104.33421029654146,5.527581321499745,0.22298230730597887,126.9993824980038,2.1051496439244395,0.11240026202452628,31.046695954205067,0.6632869623816984,0.07595182224072826,4,"P0025_orientationJ_ImageJ.txt, P0176_orientationJ_ImageJ.txt, P0175_orientationJ_ImageJ.txt, P0026_orientationJ_ImageJ.txt"
180_09,1,1446161.4629004591,2892344.9258009181,2892380.0483262781,230.24106421202609,0.0010214403376261174,321032.91080000025,0.036282918825720246,417.73241421558959,0.99999580683774181,1.0,4,87.84875644919407,1.4362380375417623,0.3888859630161279,87.48817473456519,6.458193900854368,0.3296421900674531,103.49324919317174,5.800827954646158,0.20724446425820942,70.7926951092922,9.093473635367506,0.0742273826582096,4,"P0028_orientationJ_ImageJ.txt, P0027_orientationJ_ImageJ.txt, P0018_orientationJ_ImageJ.txt, P0017_orientationJ_ImageJ.txt"
183_09,1,1140977.3159346639,2281976.6318693277,2282011.7543946877,432.63323606084862,3.0162781470394121e-25,226218.98880000002,0.046693719463885307,487.47321350348898,0.99998302171370068,1.0,4,94.69608446286695,0.6799603393296377,0.4645037365687146,68.15844307576972,6.286196257710237,0.22972712791898187,123.6568579852479,3.7069537209637606,0.22379131922894027,172.94517965186276,1.7948727038874932,0.0819778162833633,4,"P0029_orientationJ_ImageJ.txt, P0019_orientationJ_ImageJ.txt, P0020_orientationJ_ImageJ.txt, P0030_orientationJ_ImageJ.txt"
186_09,1,1596838.728926697,3193699.4578533941,3193734.5803787541,215.65958225630385,0.0076787226294923504,352105.01409999985,0.035967785623998258,456.48424566259752,0.99998263244374808,1.0,4,90.74266259480304,1.5230876259702104,0.3921221849285294,90.4860167352857,6.901282181775934,0.28605937133550907,96.35697777443693,4.158922264021194,0.282086918125124,178.82913597616755,1.1982724546530341,0.03973152561083757,4,"P0022_orientationJ_ImageJ.txt, P0024_orientationJ_ImageJ.txt, P0021_orientationJ_ImageJ.txt, P0023_orientationJ_ImageJ.txt"
189_09,1,2103407.5241526375,4206837.0483052749,4206872.1708306344,234.87519973614869,0.00050451481157126762,456764.24890000001,0.030812504214348019,440.88566005461365,0.99997722655840326,1.0,4,95.11225768338747,3.031191114928929,0.520845989777199,70.81664926496927,4.453397382782804,0.3913173506002681,1.267767382534914,0.059587297117254356,0.05122568698494544,44.38923218220993,4.891326679586653,0.036610972637587454,4,"P0032_orientationJ_ImageJ.txt, P0034_orientationJ_ImageJ.txt, P0033_orientationJ_ImageJ.txt, P0031_orientationJ_ImageJ.txt"
192_09,1,1942328.8917857709,3884679.7835715418,3884714.9060969017,245.42083518196796,9.0970019297677271e-05,384617.83920000016,0.027504670177253335,292.40923143968877,0.99999987104345001,0.99999999999999978,4,90.19594647252804,2.204739642449857,0.47945430581184534,173.37009412661192,0.40954675320897876,0.3545449756211672,131.00956185679487,1.8685342161885454,0.10552771132516997,107.88313093165121,5.382493732001313,0.06047300724181751,4,"P0035_orientationJ_ImageJ.txt, P0037_orientationJ_ImageJ.txt, P0038_orientationJ_ImageJ.txt, P0036_orientationJ_ImageJ.txt"
195_09,1,1479075.9517736668,2958173.9035473336,2958209.0260726935,225.17415535471542,0.0021334693053089424,304810.46040000016,0.031392992732567411,300.5997084264315,0.99999984120534213,1.0,4,87.50696945693457,2.2787098815058586,0.5414709502912595,94.45970313588752,0.7559541413211416,0.4427974266381553,117.85247611339369,24.51925221648424,0.009558583378901598,34.198710214179364,28.257940124336972,0.0061730396916836565,4,"P0041_orientationJ_ImageJ.txt, P0039_orientationJ_ImageJ.txt, P0042_orientationJ_ImageJ.txt, P0040_orientationJ_ImageJ.txt"
198_09,1,2335253.0233396892,4670528.0466793785,4670563.169204738,262.2718980675163,4.4110719895503426e-06,487631.01830000023,0.029231551559953852,413.96478211358198,0.99999522694486442,1.0,4,104.67155791840922,3.378910654563134,0.3533433787068864,89.81965738441446,0.4273861766902075,0.3033612944193487,84.83734851855549,4.957821322242268,0.2900447023922299,58.13666175146765,3.870266325275929,0.05325062448153489,4,"P0043_orientationJ_ImageJ.txt, P0045_orientationJ_ImageJ.txt, P0046_orientationJ_ImageJ.txt, P0044_orientationJ_ImageJ.txt"
201_09,1,1718647.330485441,3437316.660970882,3437351.783496242,241.12040200029654,0.00018618764436193947,351429.71530000004,0.030128376840475111,315.59883879156672,0.99999980996315097,1.0,4,95.61113943219897,2.3365299999998546,0.5864576148254954,166.43191154384994,0.053278569441948746,0.2217625090777325,66.48887233771529,4.05343158424162,0.15552310818859016,125.34183774290241,6.2413315551339075,0.036256767908181914,4,"P0047_orientationJ_ImageJ.txt, P0048_orientationJ_ImageJ.txt, P0049_orientationJ_ImageJ.txt, P0050_orientationJ_ImageJ.txt"
204_09,1,2318473.989555324,4636969.9791106479,4637005.1016360074,403.62915761781608,1.9751660400215441e-21,522274.80490000005,0.039093743462665205,799.08514476010612,0.99913406568970109,1.0,4,96.60781239587955,5.169511904624062,0.5960595948919799,97.58699923424966,1.3429411091016918,0.3444854202920916,82.85481940766375,8.376906994114318,0.05569127446519848,1.0161940407586445,9.600130137070058,0.0037637103507300973,4,"P0054_orientationJ_ImageJ.txt, P0052_orientationJ_ImageJ.txt, P0053_orientationJ_ImageJ.txt, P0051_orientationJ_ImageJ.txt"
207_09,1,739548.83038926776,1479119.6607785355,1479154.7833038953,268.72473764868425,1.2688519706057515e-06,158828.84330000001,0.046827592903372843,344.85363779563363,0.99999942035913481,1.0,4,94.56080359994971,2.2424964713607833,0.5275532766924598,85.86255110541845,5.247508178688938,0.3078859178113985,41.747113602460594,0.5238020279612416,0.13522970781388233,67.05724762709968,4.290093230131375,0.029331097682259406,4,"P0056_orientationJ_ImageJ.txt, P0057_orientationJ_ImageJ.txt, P0058_orientationJ_ImageJ.txt, P0055_orientationJ_ImageJ.txt"
210_09,1,686338.12175326282,1372698.2435065256,1372733.3660318854,186.98137107555851,0.15034535346657202,145697.3995,0.040854003596126363,241.76891491973407,0.99999999508852255,0.99999999999811728,4,113.11145475421601,2.3084789934928818,0.5421622249219514,85.98262083813297,3.173837842020736,0.381417179281117,10.991012599174491,1.0887610975762931,0.03964974068844492,79.22669720780156,15.121570888714302,0.036770855108486725,4,"P0061_orientationJ_ImageJ.txt, P0062_orientationJ_ImageJ.txt, P0059_orientationJ_ImageJ.txt, P0060_orientationJ_ImageJ.txt"
213_09,1,935097.85663941537,1870217.7132788307,1870252.8358041905,300.25644445884933,1.5577775288117939e-09,191805.69750000001,0.043181154713038232,348.60819838113298,0.99999966036242993,1.0,4,79.23124308539096,2.345778711479851,0.5686764505499199,121.70724153166734,0.6203711817260363,0.32491440033440805,88.86569647619636,13.326109008004442,0.055506686074453734,107.39827854177581,6.555554799874474,0.05090246304121835,4,"P0064_orientationJ_ImageJ.txt, P0065_orientationJ_ImageJ.txt, P0063_orientationJ_ImageJ.txt, P0066_orientationJ_ImageJ.txt"
216_09,1,2119221.2512142435,4238464.5024284869,4238499.6249538464,316.69916523568634,3.2983614834962144e-11,461414.79649999976,0.034524820824852212,547.29570717539013,0.99994195707648303,1.0,4,96.21345781367418,2.8230687918561794,0.5969835593939917,110.87838186587354,4.04815252261305,0.2998445127859741,60.319712456492944,6.257635209254891,0.053459275085121126,7.324078075764408,0.5831242437047921,0.049712652734913015,4,"P0071_orientationJ_ImageJ.txt, P0069_orientationJ_ImageJ.txt, P0070_orientationJ_ImageJ.txt, P0068_orientationJ_ImageJ.txt"
219_09,1,1891794.9228390006,3783611.8456780012,3783646.9682033611,265.09895978045944,2.5699900662300623e-06,412274.24759999989,0.033611527190548988,463.52604669264343,0.99998516541821758,1.0,4,83.38876762598834,3.3583679635765673,0.4857888697856969,98.63171842867739,0.7133377448351746,0.18848322904913772,95.79378530370292,6.537862214178902,0.1751593130421268,111.93913020613034,5.407216821880121,0.15056858812303853,4,"P0073_orientationJ_ImageJ.txt, P0075_orientationJ_ImageJ.txt, P0074_orientationJ_ImageJ.txt, P0072_orientationJ_ImageJ.txt"
222_09,1,2027866.0511023414,4055754.1022046828,4055789.2247300427,249.25909431098771,4.7060082401955437e-05,440458.73060000018,0.033510629301415025,490.37645785240539,0.99997952574608184,1.0,4,97.11167438956721,5.004720771462183,0.5319307630901221,96.56921384275743,1.1143052234475843,0.4097149386996416,74.10561243792942,10.941994640252991,0.04459815591478288,13.324390791233652,1.7693560747052282,0.013756142295453343,4,"P0078_orientationJ_ImageJ.txt, P0079_orientationJ_ImageJ.txt, P0077_orientationJ_ImageJ.txt, P0076_orientationJ_ImageJ.txt"
225_09,1,1412454.0571663936,2824930.1143327872,2824965.2368581472,360.42730195390538,4.2941412452566948e-16,288545.67290000006,0.038879833840165134,440.97443096969653,0.99998182078793152,1.0,4,101.0517587773612,2.7762222319158134,0.6882773622667361,153.73984077075073,1.0125642506355772,0.2442864731140147,48.9098209964639,2.889294709051268,0.06183967871529938,140.2947014486888,0.7121091904027903,0.005596485903949988,4,"P0080_orientationJ_ImageJ.txt, P0083_orientationJ_ImageJ.txt, P0082_orientationJ_ImageJ.txt, P0081_orientationJ_ImageJ.txt"
228_09,1,1577914.217587431,3155850.4351748619,3155885.5577002219,317.27860880894855,2.8677166787660628e-11,320267.95419999992,0.034281235803798792,377.033284704192,0.99999744387972933,1.0,4,93.89949482401296,1.0600362515995572,0.5471778919922553,74.33549039951939,3.0483910849074807,0.31181068444226706,34.21951169373394,3.308977536967296,0.10177796221733089,106.48275892494765,12.356195678333496,0.03923346134814666,4,"P0086_orientationJ_ImageJ.txt, P0087_orientationJ_ImageJ.txt, P0084_orientationJ_ImageJ.txt, P0085_orientationJ_ImageJ.txt"
231_09,1,1366030.1857964483,2732082.3715928965,2732117.4941182565,251.11605736067315,3.3987078429807603e-05,274205.22279999999,0.033038411549787268,297.07544504386846,0.99999990189408017,1.0,4,49.29696197766127,1.4441989676570046,0.3849370984210912,117.10083250505642,2.9425436433208234,0.35309326619518683,78.26492014632463,5.408185487798349,0.18153822131956343,98.29671524985164,11.449467234962329,0.08043141406415853,4,"P0091_orientationJ_ImageJ.txt, P0090_orientationJ_ImageJ.txt, P0088_orientationJ_ImageJ.txt, P0089_orientationJ_ImageJ.txt"
234_09,1,1583516.7979301955,3167055.5958603909,3167090.7183857509,210.07517843999648,0.01525777650200001,313031.07149999979,0.028014010218614622,248.5785900167493,0.99999998508205012,0.99999999999881584,4,107.34427490527011,0.6707584216482348,0.8040846563705655,118.06945887547752,10.793136397760785,0.07438459496297277,76.66333206753015,6.191638355737412,0.06771812880243011,56.20968831968074,8.434031344580902,0.053812619864031734,4,"P0093_orientationJ_ImageJ.txt, P0094_orientationJ_ImageJ.txt, P0092_orientationJ_ImageJ.txt, P0095_orientationJ_ImageJ.txt"
237_09,1,1799877.3887797948,3599776.7775595896,3599811.9000849496,189.03737278954861,0.12734876100016673,369864.8137,0.027403938248853312,275.0832601040936,0.99999996927626555,0.99999999999999756,4,79.18497109027751,1.226548796215848,0.5913063149242378,80.20254516229002,0.7526892620669339,0.185301118083304,88.53465545948471,5.802329561668647,0.14131458589786056,109.67937247557684,9.24696686597232,0.08207798109459757,4,"P0002_orientationJ_ImageJ.txt, P0001_orientationJ_ImageJ.txt, P0003_orientationJ_ImageJ.txt, P0004_orientationJ_ImageJ.txt"
240_09,1,1945631.9365308976,3891285.8730617953,3891320.9955871552,244.09460191050752,0.0001137436679147534,397407.49119999976,0.028398256790714099,322.79430811786693,0.99999948331070287,1.0,4,82.71431832358643,2.4398867597660714,0.48807335865263,126.62663674115223,2.198465916308062,0.2066809117680499,56.192935544036416,0.7573074686795905,0.17753345371355655,108.12555943524117,5.860367440640757,0.12771227586576347,4,"P0005_orientationJ_ImageJ.txt, P0008_orientationJ_ImageJ.txt, P0007_orientationJ_ImageJ.txt, P0006_orientationJ_ImageJ.txt"
243_09,1,2367278.7302122558,4734579.4604245117,4734614.5829498712,218.18685046003117,0.0055381169320925985,520812.52530000021,0.032717202781068232,559.21666362662745,0.99990310794394788,1.0,4,97.58555551774045,1.9142823689420716,0.45521576831396077,100.10987540447059,4.9335932009815044,0.3159320596010351,93.73428291644382,9.526473123248492,0.13888661547390582,146.64802088560347,0.21033327847905686,0.08996555661109837,4,"P0010_orientationJ_ImageJ.txt, P0009_orientationJ_ImageJ.txt, P0012_orientationJ_ImageJ.txt, P0011_orientationJ_ImageJ.txt"
246_09,1,1202797.8219081932,2405617.6438163863,2405652.7663417463,239.77980486280023,0.0002316238648386794,287540.56150000007,0.045685062056353594,578.45712816356149,0.99998030199882426,1.0,4,96.1282246674692,7.25660039931632,0.5858882768123637,95.68497746483935,2.350387748569393,0.3466708905553082,83.70075041500719,14.508928254082498,0.060630475169264085,174.92327602617445,1.5555883008002942,0.006810357463064206,4,"P0015_orientationJ_ImageJ.txt, P0013_orientationJ_ImageJ.txt, P0016_orientationJ_ImageJ.txt, P0014_orientationJ_ImageJ.txt"
249_09,1,1664003.4176586256,3328028.8353172513,3328063.9578426112,240.43501242275161,0.00020823933760138539,323851.06249999983,0.028096444846444382,257.45890070547688,0.99999997827721765,0.99999999999982059,4,3.397292714258383,0.017983519528903067,0.6861187123690815,95.21861466110639,2.312302721208123,0.26727290520722957,117.18977235429546,7.253756289592733,0.04130022037999497,22.94107130823193,30.711128907421852,0.005308162043693865,4,"P0018_orientationJ_ImageJ.txt, P0019_orientationJ_ImageJ.txt, P0020_orientationJ_ImageJ.txt, P0017_orientationJ_ImageJ.txt"
252_09,1,2324899.6926762029,4649821.3853524057,4649856.5078777652,198.26616152714851,0.055117947180008668,482006.21929999982,0.026624467232560511,336.15977672982456,0.99999967103577669,1.0,4,93.3819401253284,2.955305539664562,0.5479967454992616,108.31778241986893,0.6773972103484561,0.403210545079089,70.72424160558263,11.4476515485585,0.029611616510338463,47.544759890045775,7.225689291370386,0.01918109291131098,4,"P0022_orientationJ_ImageJ.txt, P0024_orientationJ_ImageJ.txt, P0021_orientationJ_ImageJ.txt, P0023_orientationJ_ImageJ.txt"
255_09,1,2263872.3060779045,4527766.6121558091,4527801.7346811686,201.0650717150223,0.04152195881733118,449214.51070000033,0.023480208013140869,245.64320036201664,0.99999999419833818,0.99999999999918576,4,90.90461725967653,0.8920030649810287,0.9363680345532329,11.96348313748365,1.3214241698729812,0.03470089947230658,120.45822158379835,11.659917164836822,0.017282426473799403,93.52918372770563,17.277626383237177,0.011648639500660994,4,"P0028_orientationJ_ImageJ.txt, P0027_orientationJ_ImageJ.txt, P0025_orientationJ_ImageJ.txt, P0026_orientationJ_ImageJ.txt"
258_09,1,2859090.638693545,5718203.27738709,5718238.3999124495,278.83311152455406,1.6470221136016157e-07,592718.03580000007,0.027878221838634497,461.30831923086498,0.99998147569099405,1.0,4,95.57309499361025,2.6197957983540894,0.7238005091704626,43.70578154901241,0.3443447541424871,0.21627067195460348,142.0017957213555,1.9452569027334237,0.03194098609771442,122.02482087688095,7.277156609915972,0.02798783277721951,4,"P0029_orientationJ_ImageJ.txt, P0032_orientationJ_ImageJ.txt, P0031_orientationJ_ImageJ.txt, P0030_orientationJ_ImageJ.txt"
261_09,1,4139668.9065018585,8279359.813003717,8279394.9355290765,204.59698172767412,0.02849797345912386,802683.2011000003,0.016765296629510582,225.99606090398376,0.99999999791450567,0.99999999995360334,4,4.207512523679463,0.15551699260404392,0.6162392358205317,86.32324531701605,2.0476174149900244,0.21044583410951348,117.62985036802858,2.453113777568332,0.1264092542148526,116.56564298225442,1.123084038391624,0.04690567585510209,4,"P0035_orientationJ_ImageJ.txt, P0034_orientationJ_ImageJ.txt, P0033_orientationJ_ImageJ.txt, P0036_orientationJ_ImageJ.txt"
264_09,1,2665627.7991381921,5331277.5982763842,5331312.7208017437,224.35177943402763,0.002395970728781672,527827.87420000008,0.022816223878513089,276.4028047786544,0.99999993964822276,0.99999999999999567,4,112.19676438604618,1.0613477066534582,0.8350080821557153,4.743602339235931,1.8361219350603153,0.074532639461947,149.5698770774405,9.499933238379533,0.04863108721648575,167.09216045026116,7.154909844838497,0.041828191165851965,4,"P0037_orientationJ_ImageJ.txt, P0039_orientationJ_ImageJ.txt, P0040_orientationJ_ImageJ.txt, P0038_orientationJ_ImageJ.txt"
267_09,1,1743237.1379319881,3486496.2758639762,3486531.3983893362,211.30312229661988,0.013175480095380733,346772.78600000002,0.027163449586250336,254.9362063607289,0.99999998758525366,0.99999999999982792,4,89.4123303498811,1.6428455444629808,0.6418104917916636,147.54017037104285,0.2731460762551334,0.3284696168667203,118.95736713245654,20.01719142005553,0.01720440067130075,147.7610455770353,6.872161915895531,0.012515490670315293,4,"P0041_orientationJ_ImageJ.txt, P0043_orientationJ_ImageJ.txt, P0042_orientationJ_ImageJ.txt, P0044_orientationJ_ImageJ.txt"
270_09,1,1971318.0124937827,3942658.0249875654,3942693.1475129253,190.92496298756669,0.10862119543400869,440197.52579999983,0.032796420782254206,476.2022133259274,0.9999705542986429,1.0,4,91.96621742662884,5.005076111357423,0.45204800416316265,104.27020650941255,1.1261014326901313,0.25882285785038445,116.84907715511234,5.612530533621465,0.15222303672324725,103.99835073325774,13.02936283502887,0.1369061012632056,4,"P0047_orientationJ_ImageJ.txt, P0048_orientationJ_ImageJ.txt, P0045_orientationJ_ImageJ.txt, P0046_orientationJ_ImageJ.txt"
273_09,1,3105725.2129266905,6211472.4258533809,6211507.5483787404,169.09151372760508,0.46184810038754931,656144.32700000016,0.02519667476507927,415.15348179709741,0.99999439878795604,1.0,4,82.25580446826461,3.727340000131437,0.4897654724056061,72.11101893637624,0.35387728271507507,0.25545375366892825,100.03727203990918,3.106722309356792,0.22592243867197528,57.086989199697605,8.422708146494442,0.028858335253490332,4,"P0049_orientationJ_ImageJ.txt, P0052_orientationJ_ImageJ.txt, P0051_orientationJ_ImageJ.txt, P0050_orientationJ_ImageJ.txt"
276_09,1,838614.08491649211,1677250.1698329842,1677285.292358344,214.14543768610002,0.0092951704815081981,173927.05520000003,0.03907540184944161,268.40759144533587,0.99999995309375511,0.99999999999997347,4,90.42935532236231,3.0713310305906654,0.5545992848210901,87.55565869435674,0.5436189624730946,0.4216518228404107,113.54182019067487,14.554169712624143,0.018634171382892563,15.614271216111083,10.049379188141554,0.005114720955606631,4,"P0056_orientationJ_ImageJ.txt, P0054_orientationJ_ImageJ.txt, P0053_orientationJ_ImageJ.txt, P0055_orientationJ_ImageJ.txt"
279_09,1,1985521.6903675434,3971065.3807350867,3971100.5032604467,199.72488624511257,0.047632832433612618,391455.59990000009,0.024491675508398293,234.27637583067249,0.99999999666968276,0.9999999999911996,4,67.3577027154967,0.3480606763568127,0.6671154411791644,106.38768140544201,3.0262797401357355,0.16992683558114222,83.68992082991859,5.717532459949666,0.13919559475241075,61.896131497592144,12.274526530556722,0.02376212848728264,4,"P0057_orientationJ_ImageJ.txt, P0058_orientationJ_ImageJ.txt, P0059_orientationJ_ImageJ.txt, P0060_orientationJ_ImageJ.txt"
282_09,1,1853845.1620595404,3707712.3241190808,3707747.4466444408,189.7671212307423,0.11984371236633912,373133.2664000002,0.025826719443440258,245.14190998639722,0.99999999570969478,0.99999999999935341,4,97.64188933397654,1.6244761328283415,0.5225426384010657,68.71800551366138,3.7577304332523416,0.2588682841813519,40.91733793860716,1.96143215315431,0.15739723971662903,161.97300634291133,1.417068473002101,0.06119183770095329,4,"P0064_orientationJ_ImageJ.txt, P0061_orientationJ_ImageJ.txt, P0063_orientationJ_ImageJ.txt, P0062_orientationJ_ImageJ.txt"
285_09,1,3520251.4386491692,7040524.8772983383,7040559.9998236978,195.49350048217883,0.072007538482905531,715401.38759999967,0.022186869616768613,347.02482346896227,0.9999994890624736,1.0,4,70.3323496346431,0.3927024670727518,0.47180214759474626,90.45012864853062,3.294127508861568,0.31604160538262344,59.901788667957995,3.5064579348651805,0.10984022707033272,77.92613631507334,7.006483214413247,0.10231601995229757,4,"P0067_orientationJ_ImageJ.txt, P0065_orientationJ_ImageJ.txt, P0068_orientationJ_ImageJ.txt, P0066_orientationJ_ImageJ.txt"
288_09,1,1966217.5086211197,3932457.0172422393,3932492.1397675993,222.0829890336224,0.0032829826997117771,413318.89480000007,0.029335681671048122,355.67260738640005,0.99999875978108077,1.0,4,97.94285400342635,2.0131899872773236,0.7544434858255823,74.38830788616228,5.276382651678905,0.14493174913293422,33.49599448014197,0.07634779295151796,0.09085249882511176,145.17917342108578,9.25373466661122,0.009772266216371709,4,"P0071_orientationJ_ImageJ.txt, P0069_orientationJ_ImageJ.txt, P0070_orientationJ_ImageJ.txt, P0072_orientationJ_ImageJ.txt"
291_09,1,1460013.7121356511,2920049.4242713023,2920084.5467966623,288.45691911013506,2.1415017769965346e-08,286966.87069999997,0.033244621846333984,317.33731195392625,0.99999967913341881,1.0,4,118.14722207798113,0.9244110633400372,0.9033501808800095,28.42681515913978,3.2344689025243194,0.06722779956473689,20.017758476795237,17.142996670699173,0.018846489379264853,74.11426731021398,6.311274825266308,0.010575530175988704,4,"P0073_orientationJ_ImageJ.txt, P0075_orientationJ_ImageJ.txt, P0074_orientationJ_ImageJ.txt, P0076_orientationJ_ImageJ.txt"
294_09,1,1917415.0418890771,3834852.0837781541,3834887.2063035141,149.09578741645677,0.84990250974149828,381287.01470000012,0.022417748420767953,192.20802006502885,0.99999999989488186,0.99999998437292514,4,102.83672930332405,1.583167760332097,0.5628333098719572,122.85389017618516,0.6284704649913868,0.24829608676447373,69.67837071808995,2.695303922781769,0.11421821300619936,13.63817806462054,1.6208446828714085,0.0746523903573698,4,"P0078_orientationJ_ImageJ.txt, P0080_orientationJ_ImageJ.txt, P0079_orientationJ_ImageJ.txt, P0077_orientationJ_ImageJ.txt"
297_09,1,2117566.6961545045,4235155.3923090091,4235190.5148343686,227.66704763571514,0.001491800920189685,462296.20450000017,0.031567236067903397,455.09672189696295,0.9999908542162913,1.0,4,88.76166851181773,1.2438680080726783,0.3783491952110763,89.5345024541513,6.5721153107935235,0.3555773251107447,108.42555888959231,6.224364675005258,0.1443646164193405,69.32449180997403,6.821763004064889,0.12170886325883842,4,"P0084_orientationJ_ImageJ.txt, P0083_orientationJ_ImageJ.txt, P0082_orientationJ_ImageJ.txt, P0081_orientationJ_ImageJ.txt"
300_09,1,1664756.4335344976,3329534.8670689953,3329569.9895943552,218.00148285950647,0.0056743639037968368,357722.68759999995,0.031723855389300372,366.40704061995314,0.99999647955071391,1.0,4,99.01646178250803,2.8231210545261476,0.6178919881655116,121.94591930375648,2.6926209418830664,0.26765608630039817,129.42032278722823,1.3074114760983424,0.09539857145856691,18.140909876860047,1.7620331345282372,0.019053354075523294,4,"P0086_orientationJ_ImageJ.txt, P0088_orientationJ_ImageJ.txt, P0087_orientationJ_ImageJ.txt, P0085_orientationJ_ImageJ.txt"
303_09,1,2716018.6882232931,5432059.3764465861,5432094.4989719456,194.50178436003065,0.078974757656797956,551819.40869999991,0.023266391804128102,297.47822671033123,0.99999988592044509,1.0,4,93.7065691064626,0.8866094687589828,0.6851759549615627,67.0142548458257,2.9580851306901392,0.15678068567192893,94.5838077802801,4.810876826984479,0.09580976749337658,73.42814461742755,6.8168998220070005,0.06223359187313174,4,"P0091_orientationJ_ImageJ.txt, P0090_orientationJ_ImageJ.txt, P0089_orientationJ_ImageJ.txt, P0092_orientationJ_ImageJ.txt"
306_09,1,2586960.0910311323,5173942.1820622645,5173977.304587624,338.38190875396367,1.4749975263902267e-13,546674.13949999982,0.031257621657310747,530.52459001593945,0.99995792609176826,1.0,4,85.92816659424828,2.119510415522061,0.8862183090537906,53.36344123483196,1.1610584464499523,0.08512392481553509,172.4664703814124,5.863840013087893,0.015485494835248609,142.22822870073765,5.490041766556676,0.01317227129542558,4,"P0093_orientationJ_ImageJ.txt, P0094_orientationJ_ImageJ.txt, P0096_orientationJ_ImageJ.txt, P0095_orientationJ_ImageJ.txt"
309_09,1,1952021.9232512156,3904065.8465024312,3904100.9690277912,219.74716824545189,0.0045041522431091413,394996.68699999998,0.027372936794640028,293.94321485911138,0.99999991284702816,0.99999999999999989,4,102.4727037283064,1.6883939238057972,0.4913757627822484,80.94599753012454,2.3328642354514657,0.23408358933420215,169.25411171318046,0.22605414024573312,0.22210595259431754,110.11094961587709,11.228482617382593,0.05243469528923182,4,"P0097_orientationJ_ImageJ.txt, P0100_orientationJ_ImageJ.txt, P0098_orientationJ_ImageJ.txt, P0099_orientationJ_ImageJ.txt"
312_09,1,1622374.5448333807,3244771.0896667615,3244806.2121921214,175.41309530222975,0.33182987156220117,358357.73800000013,0.032326397153233065,380.29034944130836,0.99999513607024548,1.0,4,82.45455653025776,5.39790535241578,0.31757270757230865,95.89157234856357,1.1854181583904093,0.29942214334952133,106.57310972656933,4.9197128557728735,0.27352906956493717,90.81885503887929,9.707470993974617,0.1094760795132328,4,"P0103_orientationJ_ImageJ.txt, P0104_orientationJ_ImageJ.txt, P0101_orientationJ_ImageJ.txt, P0102_orientationJ_ImageJ.txt"
315_09,1,2050692.3051680401,4101406.6103360802,4101441.7328614402,263.83404295957678,3.2763087038523995e-06,446559.65500000003,0.033375719773593882,495.22280233655556,0.99997335881949312,1.0,4,80.28979799861906,4.035436181798417,0.4627008138830586,91.94083074234915,0.8741919645395724,0.30161620922936705,94.65459368379055,10.766463679609306,0.16937674640773964,110.11214592230824,8.876443590492743,0.06630623047983471,4,"P0107_orientationJ_ImageJ.txt, P0105_orientationJ_ImageJ.txt, P0108_orientationJ_ImageJ.txt, P0106_orientationJ_ImageJ.txt"
318_09,1,2833911.4342535632,5667844.8685071263,5667879.9910324859,213.17942941452253,0.010480300719576415,594048.04340000008,0.026289215678048407,406.60559737053347,0.9999965086969016,1.0,4,92.27570285743649,2.7804228670598126,0.5335316876333978,105.08197938492955,0.3297132639896613,0.22460617074665573,73.47006220404486,3.4757174154160144,0.12808300132409856,77.37476599972621,1.6749255931209648,0.11377914029584797,4,"P0112_orientationJ_ImageJ.txt, P0110_orientationJ_ImageJ.txt, P0111_orientationJ_ImageJ.txt, P0109_orientationJ_ImageJ.txt"
321_09,1,1458503.3685234748,2917028.7370469496,2917063.8595723095,204.85070789079106,0.027715426136441366,318179.59600000014,0.034688752725940665,381.89137948974354,0.99999754076605296,1.0,4,90.93799803934952,5.624726270328625,0.42246999262332746,84.98540952022418,0.6853989681472059,0.2605484424102298,102.80018727853145,3.5761941295034902,0.2447543288515154,71.84864196268775,6.753795833353982,0.07222723611492742,4,"P0116_orientationJ_ImageJ.txt, P0114_orientationJ_ImageJ.txt, P0113_orientationJ_ImageJ.txt, P0115_orientationJ_ImageJ.txt"
324_09,1,2486403.3273968329,4972828.6547936657,4972863.7773190252,202.11014527802604,0.037227175533482357,496733.57899999991,0.022998862913387264,264.58806120531159,0.99999996707122663,0.99999999999995415,4,113.0689915380259,1.0274365376651866,0.9110289054383547,134.62545622221575,1.419130944045939,0.05952545102438159,9.42105248341155,3.96247489089015,0.02652773276091346,66.4594904000977,0.3297511635226761,0.002917910776350142,4,"P0120_orientationJ_ImageJ.txt, P0118_orientationJ_ImageJ.txt, P0119_orientationJ_ImageJ.txt, P0117_orientationJ_ImageJ.txt"
327_09,1,2432299.4344726508,4864620.8689453015,4864655.991470661,176.52244023017622,0.31081946063449639,514758.54859999992,0.026495586932548391,359.52878159745239,0.99999885945803579,1.0,4,86.03149932762287,1.1028472680921264,0.5280657164445378,85.50202305682718,4.460733002808594,0.3163169479558089,104.30668092593218,5.3334749753735515,0.12798452470828736,56.73176744182619,6.264489446797496,0.027632810891366006,4,"P0122_orientationJ_ImageJ.txt, P0121_orientationJ_ImageJ.txt, P0123_orientationJ_ImageJ.txt, P0124_orientationJ_ImageJ.txt"
330_09,1,2623586.4372151396,5247194.8744302792,5247229.9969556388,166.34370050447299,0.52163091803684747,557266.2834999999,0.02605312903227976,375.47922160637933,0.99999832138552336,1.0,4,101.1490157037714,3.24275974101717,0.47110284708596606,110.1224210267052,1.667481872191197,0.3474241602893515,73.48647777102222,0.7451061274109527,0.1529232452004031,79.54400263960206,8.436960854130342,0.028549747424279192,4,"P0128_orientationJ_ImageJ.txt, P0127_orientationJ_ImageJ.txt, P0129_orientationJ_ImageJ.txt, P0126_orientationJ_ImageJ.txt"
333_09,1,2139702.5100030205,4279427.020006041,4279462.1425314005,273.8945442024712,4.5259667569075979e-07,483401.71799999982,0.035379709812532543,596.78653727450694,0.99992699186050449,1.0,4,84.93831982764243,2.0662686524071674,0.5451774512060688,84.88804155772414,9.919999283114677,0.18984853195978021,101.05704447518603,9.95432526331674,0.183253350933052,68.64361373537734,13.997323372853769,0.08172066590109918,4,"P0130_orientationJ_ImageJ.txt, P0133_orientationJ_ImageJ.txt, P0132_orientationJ_ImageJ.txt, P0131_orientationJ_ImageJ.txt"
336_09,1,2522649.9485373418,5045321.8970746836,5045357.0196000431,331.01038385991421,9.6509048696010325e-13,562283.98410000035,0.035478456217752183,705.15431287766103,0.99965822555615769,1.0,4,94.95764824208518,5.539896478558364,0.4030631385526154,91.21352575918885,1.1823873347826612,0.33140328507038447,76.59802481945921,6.213686817899186,0.20062449542409982,82.46160278287047,21.618391792300066,0.06490908095290042,4,"P0135_orientationJ_ImageJ.txt, P0134_orientationJ_ImageJ.txt, P0137_orientationJ_ImageJ.txt, P0136_orientationJ_ImageJ.txt"
339_09,1,1683914.1320405023,3367850.2640810045,3367885.3866063645,259.69648873174611,7.1591134509536101e-06,332598.45929999993,0.029663844222035145,291.64772087161822,0.99999991058764715,0.99999999999999989,4,98.29697172230105,1.5345467492408165,0.6519232691103981,134.66685949839592,1.1507932297631764,0.19740613090993184,10.236169605998732,1.8921242621222145,0.1052472542357278,48.9196740145819,4.686699616815512,0.045423345743942356,4,"P0139_orientationJ_ImageJ.txt, P0141_orientationJ_ImageJ.txt, P0138_orientationJ_ImageJ.txt, P0140_orientationJ_ImageJ.txt"
342_09,1,2441589.5464233775,4883201.0928467549,4883236.2153721144,228.1808187642084,0.0013842195944100799,490941.95209999994,0.024989870390365383,306.24914511968012,0.99999981056440213,1.0,4,83.76958402886105,1.8484160380460801,0.5712770450846221,58.82587409693415,0.3655137447749291,0.20342550892865408,127.06462626828784,1.4796894301703984,0.19519461520198159,85.8682296433475,9.209244460816912,0.03010283078474224,4,"P0143_orientationJ_ImageJ.txt, P0142_orientationJ_ImageJ.txt, P0144_orientationJ_ImageJ.txt, P0145_orientationJ_ImageJ.txt"
345_09,1,1158549.3523448927,2317120.7046897854,2317155.8272151453,291.34037163598896,1.14212523227322e-08,246371.00710000002,0.039176001443132005,384.36678837688169,0.99999432323293014,1.0,4,99.15896293548259,1.3963576618382827,0.6519893148384404,99.86957289484852,3.7041337167243777,0.21893820078309975,86.92338958777977,10.449753102264566,0.0787548964377867,68.98366619614201,15.699694870656664,0.050317587940673245,4,"P0147_orientationJ_ImageJ.txt, P0149_orientationJ_ImageJ.txt, P0148_orientationJ_ImageJ.txt, P0146_orientationJ_ImageJ.txt"
348_09,1,1241586.8382802589,2483195.6765605179,2483230.7990858778,252.80290916316912,2.5196356028459786e-05,262880.84029999987,0.036918919476441693,359.03335704823752,0.99999849751378167,1.0,4,92.01167053273278,1.5674503058610467,0.6224089306598108,94.83719812080078,5.972636678161667,0.2352703821667258,75.90969438285072,6.844107688035742,0.08201682660764914,11.543217822229483,0.9937424489581403,0.06030386056581429,4,"P0152_orientationJ_ImageJ.txt, P0150_orientationJ_ImageJ.txt, P0151_orientationJ_ImageJ.txt, P0153_orientationJ_ImageJ.txt"
351_09,1,2754675.0233040489,5509372.0466080979,5509407.1691334574,329.71877472155523,1.3358155821304563e-12,576060.0612,0.029744572253257117,511.38631677649289,0.99995132711789991,1.0,4,81.32987088245902,3.132125437441189,0.5113010568022442,64.30319780402449,1.1341555011972,0.44417766398774294,119.8287424478622,5.055371956637492,0.030765449548598625,167.92450306296533,2.68392818664701,0.013755829661414318,4,"P0156_orientationJ_ImageJ.txt, P0154_orientationJ_ImageJ.txt, P0157_orientationJ_ImageJ.txt, P0155_orientationJ_ImageJ.txt"
354_09,1,2430482.0221456718,4860986.0442913435,4861021.166816703,220.80667562071156,0.003906216840566109,478250.80370000005,0.023221868217855806,258.65655381976438,0.99999998002768353,0.99999999999988332,4,97.98327119183374,1.2302547848884782,0.5994340297088272,119.10989016960485,0.8742626458165152,0.23545504000757583,167.38173970030795,1.6875595749817296,0.1167197655352315,37.69544071698856,1.5222873381359538,0.04839116474836554,4,"P0159_orientationJ_ImageJ.txt, P0160_orientationJ_ImageJ.txt, P0158_orientationJ_ImageJ.txt, P0161_orientationJ_ImageJ.txt"
357_09,1,1151721.3836861074,2303464.7673722147,2303499.8898975747,197.78466266766711,0.057791904391273886,232808.35269999993,0.031680888466664781,237.32265805525552,0.99999999199919798,0.99999999998915168,4,86.09399831021813,2.087130963691724,0.42428408771336473,110.43784452946583,2.0471746337148913,0.2995943188603955,56.63651053818326,0.9538567565684979,0.24862182918013107,170.30895687008444,3.9583600337775184,0.027499764246108827,4,"P0164_orientationJ_ImageJ.txt, P0165_orientationJ_ImageJ.txt, P0163_orientationJ_ImageJ.txt, P0162_orientationJ_ImageJ.txt"
360_09,1,1438429.466628768,2876880.933257536,2876916.055782896,153.74537241352851,0.77761448722791238,303401.89479999989,0.029204592035494317,260.37020017946469,0.99999997502397475,0.9999999999999013,4,96.63432982909838,4.378404564124411,0.3662699660362363,74.96301218038623,3.6894414178638577,0.3306459997904185,91.47433235465937,0.4736940968344245,0.27921050493165844,125.1869469278011,10.002833532101581,0.023873529241686786,4,"P0168_orientationJ_ImageJ.txt, P0170_orientationJ_ImageJ.txt, P0166_orientationJ_ImageJ.txt, P0167_orientationJ_ImageJ.txt"
363_09,1,2708840.5461029736,5417703.0922059473,5417738.2147313068,198.56353156421434,0.05351802289700644,542089.2137000002,0.022586371689074698,276.71294239696607,0.9999999499689467,0.99999999999999689,4,95.313974411632,1.8970758459697785,0.5362368173635386,120.58193835412365,1.0664800293085854,0.2762524320569548,27.872682062810348,0.2928671417624718,0.17437288388520877,1.6209740408339812,4.354138882925488,0.01313786669429782,4,"P0173_orientationJ_ImageJ.txt, P0174_orientationJ_ImageJ.txt, P0171_orientationJ_ImageJ.txt, P0172_orientationJ_ImageJ.txt"
366_09,1,1199304.2875921046,2398630.5751842093,2398665.6977095692,141.74148191425911,0.93028555602793794,248706.83449999991,0.029530072081981929,217.38637317996032,0.99999999892730163,0.99999999978236298,4,82.90927619153811,2.1345753833568497,0.6266991932467111,93.80077976456556,3.7270664031185836,0.1948411095142059,147.40088012070203,1.0143321426359906,0.10324407499523483,33.387313620772666,1.5108738339775634,0.07521562224384805,4,"P0178_orientationJ_ImageJ.txt, P0176_orientationJ_ImageJ.txt, P0177_orientationJ_ImageJ.txt, P0175_orientationJ_ImageJ.txt"
369_09,1,3126473.7927764053,6252969.5855528107,6253004.7080781702,203.26921465490184,0.032910432553150765,621912.89439999999,0.021107164404301781,275.31584218923695,0.99999996454804341,0.99999999999999722,4,84.12237787556869,1.357070323563605,0.7249067841257243,66.5096748281898,0.091742556308011,0.2353378185358102,28.93273649398926,5.395619114024001,0.026979717151463807,177.72224973090988,5.109936759207783,0.012775680187001752,4,"P0180_orientationJ_ImageJ.txt, P0181_orientationJ_ImageJ.txt, P0182_orientationJ_ImageJ.txt, P0179_orientationJ_ImageJ.txt"
372_09,1,2871348.7244639932,5742719.4489279864,5742754.5714533459,249.84941858121564,4.2454231808409013e-05,602140.99919999973,0.026944485879987431,434.80824708137067,0.99999194951137893,1.0,4,101.12766524554225,2.16903634110642,0.8044698639727311,124.37324317263943,0.7495573099481289,0.12730838494658675,50.84370016606301,1.3548459843019953,0.049475076187098045,66.04454883869474,11.489554624193987,0.01874667489358408,4,"P0186_orientationJ_ImageJ.txt, P0184_orientationJ_ImageJ.txt, P0183_orientationJ_ImageJ.txt, P0185_orientationJ_ImageJ.txt"
375_09,1,2167010.216642166,4334042.433284332,4334077.5558096915,398.2266740498473,9.7057278849591444e-21,463611.35120000027,0.035870535490113833,596.27533009300907,0.9998674248522279,1.0,4,96.70145129117503,3.736739769923493,0.6088503979538299,119.08077878251336,0.7353828452307299,0.24254198626959145,78.67600773196156,9.20361001681705,0.0938682932509054,59.37517131662693,5.632767332903693,0.05473932252567339,4,"P0187_orientationJ_ImageJ.txt, P0190_orientationJ_ImageJ.txt, P0188_orientationJ_ImageJ.txt, P0189_orientationJ_ImageJ.txt"
378_09,1,2686181.6031865403,5372385.2063730806,5372420.3288984401,330.77052668654835,1.0252403604461029e-12,552360.93429999996,0.028889306182333603,462.84519473294341,0.99997871460047927,1.0,4,107.79126023029498,1.4699491089824395,0.5935918238801525,82.89712591852367,3.3859556517330707,0.27335958188218135,23.37010553463331,0.5996178645964018,0.0780370313454323,117.42110758094358,7.637167065364165,0.05501156289223388,4,"P0195_orientationJ_ImageJ.txt, P0194_orientationJ_ImageJ.txt, P0191_orientationJ_ImageJ.txt, P0193_orientationJ_ImageJ.txt"
381_09,1,2027148.7084425928,4054319.4168851855,4054354.5394105455,238.92597878544564,0.00026585536648357733,419629.4797999998,0.028973591008410293,353.35582603584083,0.99999869285712428,1.0,4,93.93467934894464,2.298725189056885,0.6191589060185042,83.86796246066636,0.7154647076021112,0.36829255768531727,144.38973902236177,11.522662177973997,0.0074838356837013615,176.36555481922815,8.035692052908916,0.00506470061247711,4,"P0197_orientationJ_ImageJ.txt, P0199_orientationJ_ImageJ.txt, P0198_orientationJ_ImageJ.txt, P0196_orientationJ_ImageJ.txt"
384_09,1,1779790.8710749638,3559603.7421499277,3559638.8646752876,223.69083476074786,0.0026282795218923079,353023.43349999998,0.027329462785700965,264.02781152322387,0.99999997427920906,0.9999999999999617,4,90.81749011664178,1.32970534409979,0.6740562608798287,5.109628178636368,0.1975766752454276,0.28137564121610736,86.2518823956268,9.694860163022634,0.03181996805362347,51.03098250930034,15.143918547909026,0.01274812985044049,4,"P0203_orientationJ_ImageJ.txt, P0201_orientationJ_ImageJ.txt, P0200_orientationJ_ImageJ.txt, P0202_orientationJ_ImageJ.txt"
387_09,1,3563008.9602635447,7126039.9205270894,7126075.0430524489,216.61623109591358,0.0067931186614390788,728410.1222999997,0.022351285199678762,362.87765910645339,0.9999986087964321,1.0,4,94.62669695769046,1.8695208831697538,0.6104100441894558,64.5498955457887,2.1551876985594847,0.2467625594384224,123.40902897291082,1.1193000046778183,0.12239749427417673,8.757740295461684,3.0342699795924744,0.020429902097945162,4,"P0204_orientationJ_ImageJ.txt, P0205_orientationJ_ImageJ.txt, P0206_orientationJ_ImageJ.txt, P0207_orientationJ_ImageJ.txt"
390_09,1,1304260.7801655054,2608543.5603310107,2608578.6828563707,381.50975832337292,1.2151333646918206e-18,266945.71140000003,0.04115433338404751,451.51830470858465,0.99998642004810523,1.0,4,103.80688639557984,2.4210847929377404,0.6747759542590221,89.91827043372936,0.1899847030992187,0.25043999599963007,149.95716677156838,2.08490422678493,0.06111111678241729,172.34109413064522,12.20001251282828,0.013672932958930458,4,"P0209_orientationJ_ImageJ.txt, P0210_orientationJ_ImageJ.txt, P0211_orientationJ_ImageJ.txt, P0208_orientationJ_ImageJ.txt"
393_09,1,1262125.487356365,2524272.9747127299,2524308.0972380899,263.90137469494232,3.2343799759021526e-06,273037.08309999999,0.037620560655469676,383.28426487219855,0.99999797750786756,1.0,4,88.65883577409642,2.032520999407076,0.9275447960009119,90.64939741832795,18.225331121020602,0.03410081465870674,113.17162838418375,10.864821759913344,0.029475809464556083,1.24499206514648,3.811324607712092,0.008878579875825339,4,"P0214_orientationJ_ImageJ.txt, P0215_orientationJ_ImageJ.txt, P0216_orientationJ_ImageJ.txt, P0217_orientationJ_ImageJ.txt"
396_09,1,2054312.0108774099,4108646.0217548199,4108681.1442801799,262.31670195215167,4.3737741431302816e-06,433302.07910000003,0.031221516293527457,416.50527314179271,0.99999631863948024,1.0,4,93.80421494985684,3.3656150770231,0.4789055391718389,87.33526272852443,1.1422801498132527,0.44260894872344686,148.27129783709566,0.6571660185900358,0.052895136622761324,72.2725182512014,11.360946343665425,0.025590375481952914,4,"P0221_orientationJ_ImageJ.txt, P0220_orientationJ_ImageJ.txt, P0219_orientationJ_ImageJ.txt, P0218_orientationJ_ImageJ.txt"
399_09,1,1801685.8685371338,3603393.7370742676,3603428.8595996276,225.56189903678828,0.0020191869964893121,354086.24180000019,0.026932932851479296,256.10499549782298,0.99999998628349707,0.99999999999985734,4,85.45507710919804,0.6056504733416732,0.48931110356148005,93.98831728490008,1.729291187908432,0.37677033695610523,165.73890330218865,1.611069472950493,0.11945757589775413,19.304615605489307,11.29996489098602,0.014460983584660615,4,"P0224_orientationJ_ImageJ.txt, P0223_orientationJ_ImageJ.txt, P0222_orientationJ_ImageJ.txt, P0225_orientationJ_ImageJ.txt"
402_09,1,1478445.5481977344,2956913.0963954688,2956948.2189208288,258.18399652270756,9.4805312626242085e-06,299850.66819999996,0.032187765516428532,311.89812886346965,0.99999970595527432,1.0,4,82.52004781212247,1.2352510392491491,0.8222483235361141,109.66025831371486,5.620670377859354,0.10862088870943036,133.99205358593068,0.8571127825312569,0.06762822366875786,154.6362228912896,0.6252971387255299,0.0015025640856977083,4,"P0227_orientationJ_ImageJ.txt, P0228_orientationJ_ImageJ.txt, P0226_orientationJ_ImageJ.txt, P0229_orientationJ_ImageJ.txt"
405_09,1,1813096.1524314263,3626214.3048628527,3626249.4273882126,301.82944175170758,1.0880678213294453e-09,377808.53099999996,0.033704205510756188,415.06844015174988,0.99999849320833401,1.0,4,87.49143593133944,1.6987430434614352,0.9148454315444887,0.417787885501844,1.4588717397225794,0.04985452279094877,80.24213577941566,14.501216120071017,0.03528361252232311,36.73279041408359,5.084952834451275,1.643314223941035e-05,4,"P0233_orientationJ_ImageJ.txt, P0230_orientationJ_ImageJ.txt, P0232_orientationJ_ImageJ.txt, P0231_orientationJ_ImageJ.txt"
408_09,1,1174108.8002113213,2348239.6004226427,2348274.7229480026,201.619131449208,0.039195724700256632,255637.60590000002,0.035514406605907947,324.61670625304748,0.99999945395982992,1.0,4,91.73259215153348,2.1911905124223954,0.9118011592678666,80.55549981752455,13.536401969278634,0.04828934283006615,44.74483497538973,0.15784560944978498,0.03360457778417942,82.13597450122002,3.3426731209790166,0.006304920117887815,4,"P0237_orientationJ_ImageJ.txt, P0235_orientationJ_ImageJ.txt, P0236_orientationJ_ImageJ.txt, P0234_orientationJ_ImageJ.txt"
411_09,1,2499955.2205201029,4999932.4410402058,4999967.5635655653,161.87476365599753,0.61860426803202373,503284.92350000015,0.021707091164776069,237.05498622143128,0.9999999956442277,0.99999999999426192,4,107.91149818754967,0.8638287379901486,0.7080895106789181,82.24989592968147,2.2188835034568952,0.19809636514305468,119.10319138338207,6.420155686052962,0.07286276734832638,95.7759220895518,6.955684112711373,0.02095135682970071,4,"P0239_orientationJ_ImageJ.txt, P0238_orientationJ_ImageJ.txt, P0241_orientationJ_ImageJ.txt, P0240_orientationJ_ImageJ.txt"
414_09,1,1449386.6272312801,2898795.2544625602,2898830.3769879201,243.36026133718332,0.00012859736340764208,293475.78199999995,0.031660200292437629,296.0728421825566,0.9999998379070697,0.99999999999999989,4,71.61549123609583,1.3442446724366464,0.7083812412664396,99.8254510719894,6.588114888618004,0.12781305185471398,119.07772530214226,6.095961716074422,0.11009867260652854,143.9269652611573,0.9097221087230364,0.05370703427231787,4,"P0242_orientationJ_ImageJ.txt, P0243_orientationJ_ImageJ.txt, P0244_orientationJ_ImageJ.txt, P0245_orientationJ_ImageJ.txt"
417_09,1,1294186.0928648333,2588394.1857296666,2588429.3082550266,232.22558796864462,0.00075790146760261554,265908.59289999987,0.033385608472015778,294.47904191288984,0.99999990920755522,0.99999999999999989,4,73.26352257401969,1.0022286602180692,0.42167835768131545,96.55811371724695,2.7379616190968163,0.39010169045063986,78.03493536192715,6.62066281534758,0.11041554985671642,137.79759293136675,2.100532420941648,0.07780440201132832,4,"P0249_orientationJ_ImageJ.txt, P0247_orientationJ_ImageJ.txt, P0248_orientationJ_ImageJ.txt, P0246_orientationJ_ImageJ.txt"
423_09,1,1134008.9171717309,2268039.8343434618,2268074.9568688218,365.77760281644146,9.9317071314732436e-17,230464.14810000014,0.043124480020455228,417.4808604864557,0.99999780330633081,1.0,4,85.5872245626342,1.547033731111664,0.8815754719636804,167.01932935369314,2.4205097479745192,0.08959477936980645,72.46001742425196,28.203551299380894,0.018355115258419,121.34523609211021,18.334856937148185,0.010474633408094224,4,"P0252_orientationJ_ImageJ.txt, P0251_orientationJ_ImageJ.txt, P0253_orientationJ_ImageJ.txt, P0250_orientationJ_ImageJ.txt"
