directory,converged,nllf,aic,bic,chisquare,chisquare p-value,n_observations,effect size,chisquare(e),chisquare(e) p-value,chisquare(e) power,n_components,mu0,kappa0,prob0,mu1,kappa1,prob1,mu2,kappa2,prob2,number of files,filenames
177_09,1,1080697.9095443792,2161407.8190887584,2161426.9768298636,832.17448068403257,1.7001601372012411e-87,232540.12139999995,0.061867212525292703,938.44468096613411,0.9839347900028077,1.0,3,76.8472445125445,5.892785682476863,0.2753117774080119,96.16032870544282,5.892785682476863,0.2753117774080119,98.65466432738397,1.1211568430983976,0.44937644518397624,4,"P0025_orientationJ_ImageJ.txt, P0176_orientationJ_ImageJ.txt, P0175_orientationJ_ImageJ.txt, P0026_orientationJ_ImageJ.txt"
180_09,1,1446180.2449986686,2892372.4899973371,2892391.6477384423,267.46053044571613,3.3425859930464372e-06,321032.91080000025,0.037891543621075351,455.01578532199466,0.99999115657454651,1.0,3,82.2956170555963,4.538436032594755,0.34405527254814017,98.76077275230591,4.538436032594755,0.34405527254814017,87.94144655186729,1.2893885960568847,0.3118894549037197,4,"P0028_orientationJ_ImageJ.txt, P0027_orientationJ_ImageJ.txt, P0018_orientationJ_ImageJ.txt, P0017_orientationJ_ImageJ.txt"
183_09,1,1141533.202494147,2283078.404988294,2283097.5627293992,1557.8779937416091,4.0594941045624911e-222,226218.98880000002,0.083634544362441762,1611.3161987460651,0.9688846442855088,1.0,3,70.01573727130898,3.162217751027733,0.41181457827614537,121.33420239425612,3.162217751027733,0.41181457827614537,176.26208562089346,1.3957953183925955,0.17637084344770929,4,"P0029_orientationJ_ImageJ.txt, P0019_orientationJ_ImageJ.txt, P0020_orientationJ_ImageJ.txt, P0030_orientationJ_ImageJ.txt"
186_09,1,1597000.7582243467,3194013.5164486933,3194032.6741897985,538.3248946365652,1.3139526658900293e-39,352105.01409999985,0.047222946077724093,775.16102113119155,0.99961739862948118,1.0,3,92.60355262268045,4.350693992167798,0.36711344450649686,92.60342543874266,4.350693992167798,0.36711344450649686,92.5553642926667,0.6237386533030388,0.26577311098700634,4,"P0022_orientationJ_ImageJ.txt, P0024_orientationJ_ImageJ.txt, P0021_orientationJ_ImageJ.txt, P0023_orientationJ_ImageJ.txt"
189_09,1,2103594.9773066645,4207201.9546133289,4207221.1123544341,610.76815469728558,9.9628854070017251e-51,456764.24890000001,0.04184636282105101,816.44241665689822,0.99772916468947936,1.0,3,95.04486883725995,3.275453600853697,0.4355938187628955,70.9383001647101,3.275453600853697,0.4355938187628955,84.10870864605086,0.7677219028401407,0.12881236247420902,4,"P0032_orientationJ_ImageJ.txt, P0034_orientationJ_ImageJ.txt, P0033_orientationJ_ImageJ.txt, P0031_orientationJ_ImageJ.txt"
192_09,1,1942341.6367472406,3884695.2734944811,3884714.4312355863,270.9080293186214,1.7255185892378736e-06,384617.83920000016,0.028706843026747465,317.6994908046392,0.99999965069914298,1.0,3,84.53231446790713,2.9295839988658643,0.23292823111049035,103.68532619881945,2.9295839988658643,0.23292823111049035,141.48248996364472,0.2734005357115301,0.5341435377790194,4,"P0035_orientationJ_ImageJ.txt, P0037_orientationJ_ImageJ.txt, P0038_orientationJ_ImageJ.txt, P0036_orientationJ_ImageJ.txt"
195_09,1,1479168.8991433072,2958349.7982866145,2958368.9560277197,411.72955601118292,6.8290776537856367e-22,304810.46040000016,0.039831659103347454,485.44461299216437,0.99996793464650557,1.0,3,95.16252862594307,3.58733026487455,0.1320558903508489,81.36886897260155,3.58733026487455,0.1320558903508489,90.40070236155437,1.0431348264626261,0.7358882192983022,4,"P0041_orientationJ_ImageJ.txt, P0039_orientationJ_ImageJ.txt, P0042_orientationJ_ImageJ.txt, P0040_orientationJ_ImageJ.txt"
198_09,1,2335385.6864422737,4670783.3728845473,4670802.5306256525,527.87084953991666,4.7083667420061545e-38,487631.01830000023,0.03725079057213064,679.116321916213,0.99962317374352117,1.0,3,102.7590237844231,3.4096651448228763,0.28542211018502645,85.49865285102813,3.4096651448228763,0.28542211018502645,88.32807633228842,0.7148220953880794,0.42915577962994705,4,"P0043_orientationJ_ImageJ.txt, P0045_orientationJ_ImageJ.txt, P0046_orientationJ_ImageJ.txt, P0044_orientationJ_ImageJ.txt"
201_09,1,1718700.4126961641,3437412.8253923282,3437431.9831334334,347.67167695054849,3.9454324841331865e-14,351429.71530000004,0.034677658983638816,422.1971130860656,0.99999268467229452,1.0,3,77.54090286271997,1.9245022174976005,0.46253756348276637,104.25348424970626,1.9245022174976005,0.46253756348276637,177.8426254787335,1.236282435322098,0.07492487303446724,4,"P0047_orientationJ_ImageJ.txt, P0048_orientationJ_ImageJ.txt, P0049_orientationJ_ImageJ.txt, P0050_orientationJ_ImageJ.txt"
204_09,1,2318558.4051828124,4637128.8103656247,4637147.9681067299,574.53765520956404,4.2861247272741154e-45,522274.80490000005,0.043095386072511635,966.66920657967728,0.99820862532743626,1.0,3,95.44299118381527,4.3750341680101945,0.3772919017167359,95.42884618118812,4.3750341680101945,0.3772919017167359,99.29514466618053,0.9851226644980879,0.24541619656652824,4,"P0054_orientationJ_ImageJ.txt, P0052_orientationJ_ImageJ.txt, P0053_orientationJ_ImageJ.txt, P0051_orientationJ_ImageJ.txt"
207_09,1,739689.04986761441,1479390.0997352288,1479409.2574763342,553.14201415789205,7.803882633370501e-42,158828.84330000001,0.06290069854423723,625.20487197269608,0.99985088711236358,1.0,3,89.506129326893,3.098433559357158,0.3779596753962583,89.5040699349198,3.098433559357158,0.3779596753962583,79.46885915638201,0.474261877584024,0.24408064920748343,4,"P0056_orientationJ_ImageJ.txt, P0057_orientationJ_ImageJ.txt, P0058_orientationJ_ImageJ.txt, P0055_orientationJ_ImageJ.txt"
210_09,1,686562.25097461871,1373136.5019492374,1373155.6596903428,633.44858794075424,2.5445441283486893e-54,145697.3995,0.069216560340947766,686.73682414772634,0.99983815359601402,1.0,3,84.64207969806058,3.5407587899008117,0.4264611589395333,113.8187820019167,3.5407587899008117,0.4264611589395333,130.14910027868538,0.5119664015836249,0.1470776821209334,4,"P0061_orientationJ_ImageJ.txt, P0062_orientationJ_ImageJ.txt, P0059_orientationJ_ImageJ.txt, P0060_orientationJ_ImageJ.txt"
213_09,1,935137.60843522358,1870287.2168704472,1870306.3746115526,380.05431384910599,6.309530572680178e-18,191805.69750000001,0.047696288813758293,427.32829283371132,0.99999651173890469,1.0,3,83.57126250116188,2.057972026684424,0.377003376097108,83.56814148557793,2.057972026684424,0.377003376097108,131.0003277499141,0.6318224376243093,0.2459932478057842,4,"P0064_orientationJ_ImageJ.txt, P0065_orientationJ_ImageJ.txt, P0063_orientationJ_ImageJ.txt, P0066_orientationJ_ImageJ.txt"
216_09,1,2119633.9626416834,4239279.9252833668,4239299.083024472,1137.8945134842429,1.9867613665771501e-142,461414.79649999976,0.054922356176465986,1373.1497032940081,0.99591501634549784,1.0,3,114.65368342940081,7.037686652198766,0.19045809997076607,98.4188783947802,7.037686652198766,0.19045809997076607,93.31183611345524,1.6292413834008805,0.6190838000584679,4,"P0071_orientationJ_ImageJ.txt, P0069_orientationJ_ImageJ.txt, P0070_orientationJ_ImageJ.txt, P0068_orientationJ_ImageJ.txt"
219_09,1,1891806.3649960156,3783624.7299920311,3783643.8877331363,286.89821128911558,6.8214703017961506e-08,412274.24759999989,0.034519059222334968,484.54104684887983,0.99998524742598949,1.0,3,99.31445177583636,2.826460979714482,0.4620197131773889,84.58048014516935,2.826460979714482,0.4620197131773889,132.87429904753412,0.11640899656908986,0.07596057364522221,4,"P0073_orientationJ_ImageJ.txt, P0075_orientationJ_ImageJ.txt, P0074_orientationJ_ImageJ.txt, P0072_orientationJ_ImageJ.txt"
222_09,1,2028066.4932887321,4056144.9865774643,4056164.1443185695,648.70187982143375,9.1821895068746865e-57,440458.73060000018,0.044962156393550765,890.83720787188042,0.99853374777385773,1.0,3,95.80153590215714,3.683576717933159,0.35567157127348903,95.79781961449919,3.683576717933159,0.35567157127348903,94.40048001264898,0.6657814620730406,0.28865685745302194,4,"P0078_orientationJ_ImageJ.txt, P0079_orientationJ_ImageJ.txt, P0077_orientationJ_ImageJ.txt, P0076_orientationJ_ImageJ.txt"
225_09,1,1412657.508698219,2825327.0173964379,2825346.1751375431,766.68040072260146,2.8420289369075745e-76,288545.67290000006,0.054362119778514413,844.40382665502773,0.99930646409133661,1.0,3,107.59013893348748,5.828018606998059,0.1939129522018947,92.98495640204618,5.828018606998059,0.1939129522018947,112.54452419327937,0.6036473871675996,0.6121740955962106,4,"P0080_orientationJ_ImageJ.txt, P0083_orientationJ_ImageJ.txt, P0082_orientationJ_ImageJ.txt, P0081_orientationJ_ImageJ.txt"
228_09,1,1578102.4471822428,3156216.8943644855,3156236.0521055907,692.07813624982941,8.1249173082586295e-64,320267.95419999992,0.048681347368479136,747.16507150197549,0.99972761543732869,1.0,3,73.69554923029422,1.3113240430164066,0.484382710682575,91.20613248496059,1.3113240430164066,0.484382710682575,27.712763164041018,7.1688344355359055,0.031234578634850026,4,"P0086_orientationJ_ImageJ.txt, P0087_orientationJ_ImageJ.txt, P0084_orientationJ_ImageJ.txt, P0085_orientationJ_ImageJ.txt"
231_09,1,1366398.6989710841,2732809.3979421682,2732828.5556832734,980.78970728967272,9.3930405895573543e-114,274205.22279999999,0.062190889459120234,1023.2886006874826,0.99957250083405125,1.0,3,38.21895897172003,3.160047659969015,0.1475736944310335,119.94805071490075,3.160047659969015,0.1475736944310335,88.06398397432595,1.338219568846417,0.7048526111379331,4,"P0091_orientationJ_ImageJ.txt, P0090_orientationJ_ImageJ.txt, P0088_orientationJ_ImageJ.txt, P0089_orientationJ_ImageJ.txt"
234_09,1,1583788.5118896181,3167589.0237792362,3167608.1815203414,752.24658895640903,7.8119410019163318e-74,313031.07149999979,0.05019906372381891,787.17845513714258,0.99930993682057701,1.0,3,65.30027094930912,5.30077654725722,0.09406640867661585,118.12548495466214,5.30077654725722,0.09406640867661585,104.50367113675811,0.6592060632077185,0.8118671826467683,4,"P0093_orientationJ_ImageJ.txt, P0094_orientationJ_ImageJ.txt, P0092_orientationJ_ImageJ.txt, P0095_orientationJ_ImageJ.txt"
237_09,1,1799887.9693335122,3599787.9386670245,3599807.0964081297,210.29584702346102,0.021880541678117871,369864.8137,0.028445325820724,296.3922849302752,0.99999991286164625,1.0,3,107.21832516859267,7.681354137662769,0.10852865175798301,85.88213018921763,7.681354137662769,0.10852865175798301,79.48017286431653,1.104800201743687,0.7829426964840339,4,"P0002_orientationJ_ImageJ.txt, P0001_orientationJ_ImageJ.txt, P0003_orientationJ_ImageJ.txt, P0004_orientationJ_ImageJ.txt"
240_09,1,1945750.361836134,3891512.723672268,3891531.8814133732,481.36754984534326,2.5497837709475886e-31,397407.49119999976,0.037448204449367847,558.16719279543452,0.99991072153449911,1.0,3,81.87724193027896,2.0797927802061382,0.19562000011517644,114.88730839280286,2.0797927802061382,0.19562000011517644,89.46206084856767,1.1170105621515751,0.6087599997696471,4,"P0005_orientationJ_ImageJ.txt, P0008_orientationJ_ImageJ.txt, P0007_orientationJ_ImageJ.txt, P0006_orientationJ_ImageJ.txt"
243_09,1,2367451.4260151093,4734914.8520302186,4734934.0097713238,565.01431376655523,1.2293102144952207e-43,520812.52530000021,0.041648499464778228,900.02469962293094,0.99873378211865615,1.0,3,97.48179734798333,4.673510845347444,0.32308460232361513,97.4850465845181,4.673510845347444,0.32308460232361513,101.14239095131181,0.935417264428434,0.35383079535276984,4,"P0010_orientationJ_ImageJ.txt, P0009_orientationJ_ImageJ.txt, P0012_orientationJ_ImageJ.txt, P0011_orientationJ_ImageJ.txt"
246_09,1,1202858.3066952019,2405728.6133904038,2405747.771131509,357.82777635051019,2.7309652663609956e-15,287540.56150000007,0.050587237029594452,694.38031196778138,0.99997961603772745,1.0,3,94.92432416665407,5.773685300566124,0.4083663256872571,94.91627008354128,5.773685300566124,0.4083663256872571,97.23270799907095,1.5363168148046251,0.18326734862548574,4,"P0015_orientationJ_ImageJ.txt, P0013_orientationJ_ImageJ.txt, P0016_orientationJ_ImageJ.txt, P0014_orientationJ_ImageJ.txt"
249_09,1,1664047.2188854145,3328106.4377708291,3328125.5955119343,327.54343092719529,6.3558324953357864e-12,323851.06249999983,0.032577312171006116,343.82923244093899,0.99999914818969349,1.0,3,88.07908311227972,3.766175769970681,0.14203212020445832,111.98088880803984,3.766175769970681,0.14203212020445832,44.14517943662988,0.037704503535996026,0.7159357595910835,4,"P0018_orientationJ_ImageJ.txt, P0019_orientationJ_ImageJ.txt, P0020_orientationJ_ImageJ.txt, P0017_orientationJ_ImageJ.txt"
252_09,1,2325004.3142410917,4650020.6284821834,4650039.7862232886,408.81442481971908,1.6170577179064036e-21,482006.21929999982,0.033618865390909455,545.24651315851202,0.9999274151636256,1.0,3,92.14013894504411,2.647520054464174,0.27172660688728134,92.11220381632977,2.647520054464174,0.27172660688728134,101.739931567313,0.7306617220290315,0.4565467862254373,4,"P0022_orientationJ_ImageJ.txt, P0024_orientationJ_ImageJ.txt, P0021_orientationJ_ImageJ.txt, P0023_orientationJ_ImageJ.txt"
255_09,1,2263924.1191491517,4527860.2382983034,4527879.3960394086,304.74538002154219,1.3815174937967081e-09,449214.51070000033,0.028002965251183759,348.22897307999762,0.99999939259312332,1.0,3,80.97390925163323,1.4816889709629533,0.36612924201142777,106.37362199546092,1.4816889709629533,0.36612924201142777,39.78299068559078,0.22805228662299457,0.26774151597714446,4,"P0028_orientationJ_ImageJ.txt, P0027_orientationJ_ImageJ.txt, P0025_orientationJ_ImageJ.txt, P0026_orientationJ_ImageJ.txt"
258_09,1,2859174.1657593311,5718360.3315186622,5718379.4892597673,444.43630474114656,3.2824594606478032e-26,592718.03580000007,0.032658261084434245,624.77752748172145,0.99989037702399064,1.0,3,96.62205469700953,2.3628055419402907,0.37979739783995664,96.73617936262555,2.3628055419402907,0.37979739783995664,50.378808664513095,0.12423547540623228,0.24040520432008677,4,"P0029_orientationJ_ImageJ.txt, P0032_orientationJ_ImageJ.txt, P0031_orientationJ_ImageJ.txt, P0030_orientationJ_ImageJ.txt"
261_09,1,4139675.3944920022,8279362.7889840044,8279381.9467251096,217.65883256233536,0.009146746889069168,802683.2011000003,0.017235399151959353,238.9938491419725,0.99999999448487142,0.99999999999547984,3,84.12713170509056,2.120835430866873,0.185910081564454,115.13507500616724,2.120835430866873,0.185910081564454,2.3488759554138543,0.15127912789146755,0.628179836871092,4,"P0035_orientationJ_ImageJ.txt, P0034_orientationJ_ImageJ.txt, P0033_orientationJ_ImageJ.txt, P0036_orientationJ_ImageJ.txt"
264_09,1,2665748.2175549483,5331508.4351098966,5331527.5928510018,465.65102753255809,4.0642108265352387e-29,527827.87420000008,0.031286025564655998,514.10277471221866,0.99996449886829208,1.0,3,104.83805940147222,1.3723903580109398,0.2608907936289694,104.84947897336957,1.3723903580109398,0.2608907936289694,147.53291688665314,0.8942389151707966,0.4782184127420612,4,"P0037_orientationJ_ImageJ.txt, P0039_orientationJ_ImageJ.txt, P0040_orientationJ_ImageJ.txt, P0038_orientationJ_ImageJ.txt"
267_09,1,1743303.499623986,3486618.9992479719,3486638.1569890771,344.92237424147794,8.0334085094454443e-14,346772.78600000002,0.033487479648419638,385.59704285336062,0.99999787049255739,1.0,3,100.20312245709441,2.774550267921458,0.22128096662282315,78.08437594889467,2.774550267921458,0.22128096662282315,112.92564511785771,0.3370705096148793,0.5574380667543537,4,"P0041_orientationJ_ImageJ.txt, P0043_orientationJ_ImageJ.txt, P0042_orientationJ_ImageJ.txt, P0044_orientationJ_ImageJ.txt"
270_09,1,1971471.5045826423,3942955.0091652847,3942974.1669063899,498.90060957244754,8.0188806228401741e-34,440197.52579999983,0.042194947586230706,777.84947374244291,0.99949803768753243,1.0,3,94.62816994390818,3.8840453410931683,0.37513356782353446,103.03324683316092,3.8840453410931683,0.37513356782353446,106.46631559939199,1.1553597931653072,0.24973286435293113,4,"P0047_orientationJ_ImageJ.txt, P0048_orientationJ_ImageJ.txt, P0045_orientationJ_ImageJ.txt, P0046_orientationJ_ImageJ.txt"
273_09,1,3105776.842150561,6211565.6843011221,6211584.8420422273,272.14738575569527,1.356168175528541e-06,656144.32700000016,0.02813921855713063,517.26411209031608,0.99996182173995063,1.0,3,85.89221011581301,2.3564418287670454,0.4234032570991417,85.85439816249595,2.3564418287670454,0.4234032570991417,30.480026464228814,0.11677686420045962,0.15319348580171654,4,"P0049_orientationJ_ImageJ.txt, P0052_orientationJ_ImageJ.txt, P0051_orientationJ_ImageJ.txt, P0050_orientationJ_ImageJ.txt"
276_09,1,838638.940223363,1677289.880446726,1677309.0381878314,264.18030627515304,6.1944648022626172e-06,173927.05520000003,0.042558027245127965,317.91183953984535,0.99999953924953344,1.0,3,91.52918535702162,2.5250858439963224,0.35229419515297516,91.20769593089061,2.5250858439963224,0.35229419515297516,74.64131536546901,0.23785423500812633,0.2954116096940497,4,"P0056_orientationJ_ImageJ.txt, P0054_orientationJ_ImageJ.txt, P0053_orientationJ_ImageJ.txt, P0055_orientationJ_ImageJ.txt"
279_09,1,1985583.1002468907,3971178.2004937814,3971197.3582348865,322.10717774120002,2.3820674746391181e-11,391455.59990000009,0.03024393668964059,355.34962848783698,0.99999909910089846,1.0,3,89.64393637142315,1.276062453644784,0.3481502646060247,89.64075810883458,1.276062453644784,0.3481502646060247,25.042262526740394,0.42556154532965634,0.3036994707879505,4,"P0057_orientationJ_ImageJ.txt, P0058_orientationJ_ImageJ.txt, P0059_orientationJ_ImageJ.txt, P0060_orientationJ_ImageJ.txt"
282_09,1,1853960.7755584239,3707933.5511168479,3707952.7088579531,421.32303677660309,3.8884556214195662e-23,373133.2664000002,0.035927590474237374,475.59071227479302,0.99998678198859137,1.0,3,70.56339824003284,19.137149208786177,0.01681373605566329,58.538710149559314,19.137149208786177,0.01681373605566329,81.56770563567389,1.0032635012749227,0.9663725278886734,4,"P0064_orientationJ_ImageJ.txt, P0061_orientationJ_ImageJ.txt, P0063_orientationJ_ImageJ.txt, P0062_orientationJ_ImageJ.txt"
285_09,1,3520338.0360664846,7040688.0721329693,7040707.2298740745,369.56042069824184,1.1503662579097432e-16,715401.38759999967,0.026965092925124796,521.80550602667233,0.99994332412287401,1.0,3,87.52037865988883,2.8890430694667395,0.2324364826371079,78.9364254749237,2.8890430694667395,0.2324364826371079,70.52824942126448,0.530266187137056,0.5351270347257843,4,"P0067_orientationJ_ImageJ.txt, P0065_orientationJ_ImageJ.txt, P0068_orientationJ_ImageJ.txt, P0066_orientationJ_ImageJ.txt"
288_09,1,1966359.3698008282,3932730.7396016563,3932749.8973427615,503.59374497734404,1.6849306765023619e-34,413318.89480000007,0.039525041903921074,635.70515367902124,0.99989711447080976,1.0,3,76.8826024921039,4.342948299531667,0.23341867367114277,100.91097456308295,4.342948299531667,0.23341867367114277,101.03680418123731,1.126430957584242,0.5331626526577145,4,"P0071_orientationJ_ImageJ.txt, P0069_orientationJ_ImageJ.txt, P0070_orientationJ_ImageJ.txt, P0072_orientationJ_ImageJ.txt"
291_09,1,1460086.7595993618,2920185.5191987236,2920204.6769398288,434.36647486733904,7.3767636890321016e-25,286966.87069999997,0.040100782222236883,462.74742373875324,0.99997982085105064,1.0,3,117.14808143647026,0.861129113086985,0.46551093802253524,117.11447837998968,0.861129113086985,0.46551093802253524,24.497531997954525,5.492718888309243,0.06897812395492947,4,"P0073_orientationJ_ImageJ.txt, P0075_orientationJ_ImageJ.txt, P0074_orientationJ_ImageJ.txt, P0076_orientationJ_ImageJ.txt"
294_09,1,1917453.079139668,3834918.1582793361,3834937.3160204412,225.58122732379584,0.003258344902715489,381287.01470000012,0.026437512132444722,268.82574669329551,0.99999995539244124,0.99999999999997791,3,90.64675534598744,1.1062679352644733,0.4737336725905628,109.35780816830268,1.1062679352644733,0.4737336725905628,7.5304992490885905,2.2733882548092783,0.05253265481887441,4,"P0078_orientationJ_ImageJ.txt, P0080_orientationJ_ImageJ.txt, P0079_orientationJ_ImageJ.txt, P0077_orientationJ_ImageJ.txt"
297_09,1,2117655.2652037987,4235322.5304075973,4235341.6881487025,405.03381861596267,4.914852825248111e-21,462296.20450000017,0.037025121526789904,631.87319426853333,0.99982367991216514,1.0,3,94.99967517105182,2.6260717134037614,0.4640472064628615,84.65224389743946,2.6260717134037614,0.4640472064628615,70.99681846007518,0.21081068328293331,0.07190558707427692,4,"P0084_orientationJ_ImageJ.txt, P0083_orientationJ_ImageJ.txt, P0082_orientationJ_ImageJ.txt, P0081_orientationJ_ImageJ.txt"
300_09,1,1664981.3785242154,3329974.7570484309,3329993.914789536,677.3126471156005,2.1267699450102973e-61,357722.68759999995,0.04739369093771674,820.47707628942715,0.99763215968807228,1.0,3,105.94371472255841,5.456959273477807,0.13406889935790048,89.61057645462448,5.456959273477807,0.13406889935790048,111.89285595643842,1.6741168434994111,0.7318622012841991,4,"P0086_orientationJ_ImageJ.txt, P0088_orientationJ_ImageJ.txt, P0087_orientationJ_ImageJ.txt, P0085_orientationJ_ImageJ.txt"
303_09,1,2716068.7647621157,5432149.5295242313,5432168.6872653365,294.32562396795532,1.3951653074949682e-08,551819.40869999991,0.026887686715426934,396.52490791980136,0.99999684792816634,1.0,3,67.15061231165484,3.2850756124116214,0.14915700329434733,86.48011573635836,3.2850756124116214,0.14915700329434733,93.06914123127389,0.9007019067463446,0.7016859934113053,4,"P0091_orientationJ_ImageJ.txt, P0090_orientationJ_ImageJ.txt, P0089_orientationJ_ImageJ.txt, P0092_orientationJ_ImageJ.txt"
306_09,1,2587110.5574382278,5174233.1148764556,5174252.2726175608,642.35408944567246,9.5935230011343687e-56,546674.13949999982,0.038943427426981092,833.60094482024226,0.99868292785997514,1.0,3,84.8017929044365,2.009152240623369,0.4642067902379809,84.87916700167898,2.009152240623369,0.4642067902379809,178.55040265380825,0.41459638000589466,0.07158641952403821,4,"P0093_orientationJ_ImageJ.txt, P0094_orientationJ_ImageJ.txt, P0096_orientationJ_ImageJ.txt, P0095_orientationJ_ImageJ.txt"
309_09,1,1952325.8194748084,3904663.6389496168,3904682.796690722,832.32388088640755,1.6018286123968669e-87,394996.68699999998,0.047529194035977593,904.5122701407854,0.99715378923970055,1.0,3,83.33423628880355,3.608297169962667,0.24531141853738916,109.05629322473693,3.608297169962667,0.24531141853738916,100.02407677269652,0.43121539409299575,0.5093771629252216,4,"P0097_orientationJ_ImageJ.txt, P0100_orientationJ_ImageJ.txt, P0098_orientationJ_ImageJ.txt, P0099_orientationJ_ImageJ.txt"
312_09,1,1622758.0095677772,3245528.0191355543,3245547.1768766595,940.0284209020424,1.8628206512830252e-106,358357.73800000013,0.056832405790442977,1135.7020468311414,0.99840930252259275,1.0,3,100.56090073743023,4.635941023026605,0.3264468451347778,83.38639819574949,4.635941023026605,0.3264468451347778,98.54332629535956,1.3309350525453907,0.3471063097304444,4,"P0103_orientationJ_ImageJ.txt, P0104_orientationJ_ImageJ.txt, P0101_orientationJ_ImageJ.txt, P0102_orientationJ_ImageJ.txt"
315_09,1,2050917.5454279976,4101847.0908559952,4101866.2485971004,713.54519554583703,2.318212095871343e-67,446559.65500000003,0.046069054427749237,942.38623175533633,0.99856789166959303,1.0,3,94.23759023275825,3.823220155425742,0.3692341429332758,80.34931926454345,3.823220155425742,0.3692341429332758,89.70102569072756,0.7657156929195187,0.26153171413344845,4,"P0107_orientationJ_ImageJ.txt, P0105_orientationJ_ImageJ.txt, P0108_orientationJ_ImageJ.txt, P0106_orientationJ_ImageJ.txt"
318_09,1,2833938.7394346045,5667889.4788692091,5667908.6366103142,267.12061874127158,3.5652356797014251e-06,594048.04340000008,0.028030882690081176,460.19996145955577,0.99999073423015516,1.0,3,93.59153235478912,2.3889604717305124,0.40643964996949616,81.7720962640412,2.3889604717305124,0.40643964996949616,110.79936739602823,0.17185873968241794,0.18712070006100767,4,"P0112_orientationJ_ImageJ.txt, P0110_orientationJ_ImageJ.txt, P0111_orientationJ_ImageJ.txt, P0109_orientationJ_ImageJ.txt"
321_09,1,1458537.5125476278,2917087.0250952556,2917106.1828363608,272.02788632506002,1.3881328420518181e-06,318179.59600000014,0.037793522864513596,447.42382541963377,0.99999325991086219,1.0,3,92.44725436849808,3.5382356880054777,0.3690184371303742,92.44651803151643,3.5382356880054777,0.3690184371303742,88.21981086034957,0.69707940546042,0.2619631257392516,4,"P0116_orientationJ_ImageJ.txt, P0114_orientationJ_ImageJ.txt, P0113_orientationJ_ImageJ.txt, P0115_orientationJ_ImageJ.txt"
324_09,1,2486403.6981601468,4972819.3963202937,4972838.5540613988,202.81136155087859,0.048528994292502174,496733.57899999991,0.023044417046705123,265.4796695358072,0.99999996612767017,0.99999999999996247,3,109.36588211700946,1.0372671060302316,0.4872820652614157,119.82238850955514,1.0372671060302316,0.4872820652614157,9.535919911926895,4.031428139195483,0.02543586947716859,4,"P0120_orientationJ_ImageJ.txt, P0118_orientationJ_ImageJ.txt, P0119_orientationJ_ImageJ.txt, P0117_orientationJ_ImageJ.txt"
327_09,1,2432350.8510260554,4864713.7020521108,4864732.859793216,279.48640688106076,3.1505525481262102e-07,514758.54859999992,0.0299558620400063,462.43972310528937,0.99998129317807294,1.0,3,99.06972199177358,4.52154981105164,0.17440244807519187,83.44737533010766,4.52154981105164,0.17440244807519187,85.05840278068904,1.2682337132723478,0.6511951038496162,4,"P0122_orientationJ_ImageJ.txt, P0121_orientationJ_ImageJ.txt, P0123_orientationJ_ImageJ.txt, P0124_orientationJ_ImageJ.txt"
330_09,1,2623663.682237104,5247339.3644742081,5247358.5222153133,320.61693606438126,3.4080024948984988e-11,557266.2834999999,0.030879984643990083,529.55148127967948,0.99995209319157841,1.0,3,102.25565004768767,2.3559995131918376,0.3980181045307881,102.2764050049505,2.3559995131918376,0.3980181045307881,92.14209221564519,0.5773220242986211,0.20396379093842368,4,"P0128_orientationJ_ImageJ.txt, P0127_orientationJ_ImageJ.txt, P0129_orientationJ_ImageJ.txt, P0126_orientationJ_ImageJ.txt"
333_09,1,2139979.1233659042,4279970.2467318084,4279989.4044729136,825.05576162847797,2.8971535267579396e-86,483401.71799999982,0.049015895449518072,1144.5165332541771,0.99794480546539577,1.0,3,77.75103264572105,6.1885138902757,0.3080065048508765,98.3231688687286,6.1885138902757,0.3080065048508765,83.89820302643825,1.8135310980780117,0.3839869902982471,4,"P0130_orientationJ_ImageJ.txt, P0133_orientationJ_ImageJ.txt, P0132_orientationJ_ImageJ.txt, P0131_orientationJ_ImageJ.txt"
336_09,1,2522865.7903360524,5045743.5806721048,5045762.73841321,762.06032134063184,1.721041345398743e-75,562283.98410000035,0.044912285913530074,1131.6696333797177,0.99633377396017764,1.0,3,94.65449494531792,5.148003810659698,0.33871652897514276,81.55796808292482,5.148003810659698,0.33871652897514276,91.75811100352561,1.1685725743472166,0.3225669420497144,4,"P0135_orientationJ_ImageJ.txt, P0134_orientationJ_ImageJ.txt, P0137_orientationJ_ImageJ.txt, P0136_orientationJ_ImageJ.txt"
339_09,1,1683983.7008635576,3367979.4017271153,3367998.5594682205,397.98830818452655,3.826797608158745e-20,332598.45929999993,0.036047004562117825,429.66556695091259,0.99999294086442803,1.0,3,101.52436232002978,1.5557714493208743,0.28108435945053084,101.68398902881728,1.5557714493208743,0.28108435945053084,128.7581111782738,0.05063155216338923,0.4378312810989383,4,"P0139_orientationJ_ImageJ.txt, P0141_orientationJ_ImageJ.txt, P0138_orientationJ_ImageJ.txt, P0140_orientationJ_ImageJ.txt"
342_09,1,2441814.6471777111,4883641.2943554223,4883660.4520965274,678.61959390340962,1.3013368522680917e-61,490941.95209999994,0.039309225544616203,754.40476263120922,0.99953549757807347,1.0,3,80.36441209302484,2.974842180848731,0.1298671797668392,80.3576620149447,2.974842180848731,0.1298671797668392,96.78518783721854,0.7514616982819265,0.7402656404663217,4,"P0143_orientationJ_ImageJ.txt, P0142_orientationJ_ImageJ.txt, P0144_orientationJ_ImageJ.txt, P0145_orientationJ_ImageJ.txt"
345_09,1,1158636.8842926715,2317285.7685853429,2317304.9263264481,465.53717326883083,4.2148751420045619e-29,246371.00710000002,0.047142518060882391,560.12495171220974,0.99977706009038136,1.0,3,80.18170956216005,4.770226620159985,0.16607046465360417,100.45923305738464,4.770226620159985,0.16607046465360417,100.28762025545745,1.431771529692288,0.6678590706927917,4,"P0147_orientationJ_ImageJ.txt, P0149_orientationJ_ImageJ.txt, P0148_orientationJ_ImageJ.txt, P0146_orientationJ_ImageJ.txt"
348_09,1,1241635.6650728327,2483283.3301456654,2483302.4878867706,350.61100642557153,1.8343626471581757e-14,262880.84029999987,0.041660517836415896,455.64718330550915,0.99998524773222797,1.0,3,91.24337707401389,2.7040490410671607,0.38969837030869603,91.23257303085721,2.7040490410671607,0.38969837030869603,77.95468272968665,0.22205036215152157,0.2206032593826079,4,"P0152_orientationJ_ImageJ.txt, P0150_orientationJ_ImageJ.txt, P0151_orientationJ_ImageJ.txt, P0153_orientationJ_ImageJ.txt"
351_09,1,2754819.4113079947,5509650.8226159895,5509669.9803570947,616.33339343922239,1.3222132867058364e-51,576060.0612,0.037563189405846492,792.72109759702789,0.99976312411747215,1.0,3,80.83813090154659,3.2475671335768226,0.20220614019063035,80.83483849711887,3.2475671335768226,0.20220614019063035,71.97002401934866,1.0473392630187615,0.5955877196187394,4,"P0156_orientationJ_ImageJ.txt, P0154_orientationJ_ImageJ.txt, P0157_orientationJ_ImageJ.txt, P0155_orientationJ_ImageJ.txt"
354_09,1,2430515.0227936422,4861042.0455872845,4861061.2033283897,286.36871190749503,7.6231689939462123e-08,478250.80370000005,0.026048011170454313,323.84669818481689,0.99999962586035529,1.0,3,100.09756962186742,1.0835635979868166,0.3831517938236545,100.08073987636138,1.0835635979868166,0.3831517938236545,163.1358177999524,0.72468381071219,0.233696412352691,4,"P0159_orientationJ_ImageJ.txt, P0160_orientationJ_ImageJ.txt, P0158_orientationJ_ImageJ.txt, P0161_orientationJ_ImageJ.txt"
357_09,1,1151781.9791747686,2303575.9583495371,2303595.1160906423,319.33987715628547,4.6258053890711073e-11,232808.35269999993,0.039032949880540291,357.9409935628309,0.99999807132156016,1.0,3,85.16278924047354,3.759347211578006,0.13744287379040826,109.68616688811822,3.759347211578006,0.13744287379040826,85.01695758112078,0.8261390229895865,0.7251142524191835,4,"P0164_orientationJ_ImageJ.txt, P0165_orientationJ_ImageJ.txt, P0163_orientationJ_ImageJ.txt, P0162_orientationJ_ImageJ.txt"
360_09,1,1438497.3900610022,2877006.7801220044,2877025.9378631096,290.17648211559322,3.4078060039157435e-08,303401.89479999989,0.036101349885124444,394.49103730512923,0.99999651156318914,1.0,3,79.35115356224314,2.587575237511022,0.4198872813772762,96.12876819035802,2.587575237511022,0.4198872813772762,111.01253319772543,0.12073435350696303,0.16022543724544763,4,"P0168_orientationJ_ImageJ.txt, P0170_orientationJ_ImageJ.txt, P0166_orientationJ_ImageJ.txt, P0167_orientationJ_ImageJ.txt"
363_09,1,2708890.1969322111,5417792.3938644221,5417811.5516055273,298.21300018954645,5.955696798867755e-09,542089.2137000002,0.026344520411765583,375.35725204714333,0.99999793798462588,1.0,3,88.97838593470357,2.158470751599079,0.29819915620592125,107.4192559685681,2.158470751599079,0.29819915620592125,132.87923779955543,0.22085585528842983,0.40360168758815756,4,"P0173_orientationJ_ImageJ.txt, P0174_orientationJ_ImageJ.txt, P0171_orientationJ_ImageJ.txt, P0172_orientationJ_ImageJ.txt"
366_09,1,1199360.7298017268,2398733.4596034535,2398752.6173445587,255.7568481567744,2.8541464120114963e-05,248706.83449999991,0.03627924170115273,331.39849167695024,0.9999991223813719,1.0,3,95.49860634899458,4.3289388570872225,0.25448360262967,78.4611070432142,4.3289388570872225,0.25448360262967,81.47946479005405,0.6270761997542147,0.4910327947406599,4,"P0178_orientationJ_ImageJ.txt, P0176_orientationJ_ImageJ.txt, P0177_orientationJ_ImageJ.txt, P0175_orientationJ_ImageJ.txt"
369_09,1,3126524.3955106875,6253060.791021375,6253079.9487624802,304.77485427448312,1.372322155280553e-09,621912.89439999999,0.024579708458004421,376.92717407792077,0.9999972984499601,1.0,3,86.24025900164942,1.5232729703776375,0.302032910781861,86.15824727014956,1.5232729703776375,0.302032910781861,53.60674814429863,0.33240558062586684,0.3959341784362781,4,"P0180_orientationJ_ImageJ.txt, P0181_orientationJ_ImageJ.txt, P0182_orientationJ_ImageJ.txt, P0179_orientationJ_ImageJ.txt"
372_09,1,2871412.9506594823,5742837.9013189645,5742857.0590600697,378.34897209667099,1.0157558973442407e-17,602140.99919999973,0.030490460946589207,565.80769072480359,0.99985376946102622,1.0,3,99.31101566984911,3.332952409582231,0.13655166600076168,107.09095142271717,3.332952409582231,0.13655166600076168,99.07956761906159,1.2806720090486516,0.7268966679984766,4,"P0186_orientationJ_ImageJ.txt, P0184_orientationJ_ImageJ.txt, P0183_orientationJ_ImageJ.txt, P0185_orientationJ_ImageJ.txt"
375_09,1,2167239.5030787676,4334491.0061575351,4334510.1638986403,861.53900188793978,1.3272506510984996e-92,463611.35120000027,0.047389926253459051,1059.6825267551724,0.9930570081007265,1.0,3,93.31778357819603,2.4781217521767327,0.4357488053556383,93.31788551463363,2.4781217521767327,0.4357488053556383,139.18028433236668,0.6082295493234742,0.12850238928872337,4,"P0187_orientationJ_ImageJ.txt, P0190_orientationJ_ImageJ.txt, P0188_orientationJ_ImageJ.txt, P0189_orientationJ_ImageJ.txt"
378_09,1,2686324.4631577083,5372660.9263154166,5372680.0840565218,615.73693660616573,1.6422752037509695e-51,552360.93429999996,0.036806812184811889,746.34682992283069,0.99949961218635508,1.0,3,83.11174031748403,3.2520495233675546,0.3387396105260424,113.17827529526986,3.2520495233675546,0.3387396105260424,108.346595701371,0.42142912761624013,0.32252077894791525,4,"P0195_orientationJ_ImageJ.txt, P0194_orientationJ_ImageJ.txt, P0191_orientationJ_ImageJ.txt, P0193_orientationJ_ImageJ.txt"
381_09,1,2027184.7787551708,4054381.5575103415,4054400.7152514467,311.2352037195385,3.1183102834460065e-10,419629.4797999998,0.031831027173375583,424.4432004716017,0.99999253592968684,1.0,3,93.08555374449423,2.5077479150262523,0.261299106912517,93.59346329633004,2.5077479150262523,0.261299106912517,89.55218069879895,0.7693786357678206,0.47740178617496587,4,"P0197_orientationJ_ImageJ.txt, P0199_orientationJ_ImageJ.txt, P0198_orientationJ_ImageJ.txt, P0196_orientationJ_ImageJ.txt"
384_09,1,1779901.5986551438,3559815.1973102875,3559834.3550513927,443.25602253805448,4.7380639719556414e-26,353023.43349999998,0.037054429904289893,483.7703802906239,0.99997563256221367,1.0,3,89.69654996309971,2.034801200363748,0.1983170178050483,89.78503688262589,2.034801200363748,0.1983170178050483,87.73271816490349,0.32877870805150766,0.6033659643899034,4,"P0203_orientationJ_ImageJ.txt, P0201_orientationJ_ImageJ.txt, P0200_orientationJ_ImageJ.txt, P0202_orientationJ_ImageJ.txt"
387_09,1,3563107.0972954053,7126226.1945908107,7126245.3523319159,413.56765772725214,3.9571659832191585e-22,728410.1222999997,0.027645786443839561,558.99863145533789,0.99989917508532788,1.0,3,77.53135865105777,1.446944306580039,0.49613117714526334,100.07469803439385,1.446944306580039,0.49613117714526334,0.42470822533160196,4.895435751719527,0.007737645709473281,4,"P0204_orientationJ_ImageJ.txt, P0205_orientationJ_ImageJ.txt, P0206_orientationJ_ImageJ.txt, P0207_orientationJ_ImageJ.txt"
390_09,1,1304432.5360815814,2608877.0721631628,2608896.2299042679,732.50482497686187,1.6108320419214452e-70,266945.71140000003,0.054344161500584499,798.94870467675742,0.99851260226071048,1.0,3,102.55013183548928,2.5543589116605165,0.30061519618243826,102.55743702997756,2.5543589116605165,0.30061519618243826,127.44484356063903,0.4300546237855576,0.39876960763512337,4,"P0209_orientationJ_ImageJ.txt, P0210_orientationJ_ImageJ.txt, P0211_orientationJ_ImageJ.txt, P0208_orientationJ_ImageJ.txt"
393_09,1,1262224.4602975354,2524460.9205950708,2524480.078336176,464.01087783001583,6.862772680972439e-29,273037.08309999999,0.046119544548612744,581.09515567936569,0.99988472713275134,1.0,3,94.09619650005955,2.1803485485104566,0.4929283069296768,85.2567794682738,2.1803485485104566,0.4929283069296768,5.420514116522232,2.214061890813815,0.014143386140646362,4,"P0214_orientationJ_ImageJ.txt, P0215_orientationJ_ImageJ.txt, P0216_orientationJ_ImageJ.txt, P0217_orientationJ_ImageJ.txt"
396_09,1,2054368.314647251,4108748.6292945021,4108767.7870356073,374.85710411038798,2.6788220910456822e-17,433302.07910000003,0.035096031309047676,529.62401921974447,0.99996015534173488,1.0,3,98.80726992386089,3.564585688994137,0.29820073344515075,84.0621438101406,3.564585688994137,0.29820073344515075,91.74762960840549,0.7408369371559681,0.40359853310969845,4,"P0221_orientationJ_ImageJ.txt, P0220_orientationJ_ImageJ.txt, P0219_orientationJ_ImageJ.txt, P0218_orientationJ_ImageJ.txt"
399_09,1,1801735.2394832331,3603482.4789664662,3603501.6367075713,324.40906129832177,1.3652345425591386e-11,354086.24180000019,0.031659482516128809,354.29174461796788,0.99999889216270033,1.0,3,80.28289369201562,2.4703529366430046,0.22980371059241886,101.70281006281276,2.4703529366430046,0.22980371059241886,153.38828133147874,0.12437529167753054,0.5403925788151623,4,"P0224_orientationJ_ImageJ.txt, P0223_orientationJ_ImageJ.txt, P0222_orientationJ_ImageJ.txt, P0225_orientationJ_ImageJ.txt"
402_09,1,1478657.5619058406,2957327.1238116813,2957346.2815527865,681.97421667021968,3.6830185585262776e-62,299850.66819999996,0.049675760999277153,732.27648524246945,0.99968731792817889,1.0,3,74.54940679633032,2.2080307302452935,0.3704503484062519,105.59453023584587,2.2080307302452935,0.3704503484062519,69.21290494054895,0.3118444838529418,0.25909930318749613,4,"P0227_orientationJ_ImageJ.txt, P0228_orientationJ_ImageJ.txt, P0226_orientationJ_ImageJ.txt, P0229_orientationJ_ImageJ.txt"
405_09,1,1813243.7393587457,3626499.4787174915,3626518.6364585967,597.34138744316829,1.2645326746361295e-48,377808.53099999996,0.043710282380187225,709.05116747556349,0.99981823853044716,1.0,3,86.97185237671118,1.9037493738842781,0.4519939009508053,86.96678594365554,1.9037493738842781,0.4519939009508053,177.8400413381826,0.5392826740865799,0.09601219809838936,4,"P0233_orientationJ_ImageJ.txt, P0230_orientationJ_ImageJ.txt, P0232_orientationJ_ImageJ.txt, P0231_orientationJ_ImageJ.txt"
408_09,1,1174233.8362913399,2348479.6725826799,2348498.8303237851,448.85360270010113,8.2676526926611859e-27,255637.60590000002,0.04775707412871473,568.94586824722296,0.99996830865128949,1.0,3,95.37310478658965,5.437885808837517,0.13224933796302296,80.48043029476781,5.437885808837517,0.13224933796302296,92.25369444002045,1.7650204918514312,0.7355013240739541,4,"P0237_orientationJ_ImageJ.txt, P0235_orientationJ_ImageJ.txt, P0236_orientationJ_ImageJ.txt, P0234_orientationJ_ImageJ.txt"
411_09,1,2500000.0402539456,5000012.0805078913,5000031.2382489964,251.81479518258328,5.6676495465191211e-05,503284.92350000015,0.025466138626435604,325.6673134304516,0.99999960254696807,1.0,3,79.48421678517653,3.45520257163487,0.10542374227831813,115.67644613533427,3.45520257163487,0.10542374227831813,103.84819472660608,0.8888052365623722,0.7891525154433636,4,"P0239_orientationJ_ImageJ.txt, P0238_orientationJ_ImageJ.txt, P0241_orientationJ_ImageJ.txt, P0240_orientationJ_ImageJ.txt"
414_09,1,1449575.470722304,2899162.9414446079,2899182.0991857131,618.91171260302258,5.1754794619607215e-52,293475.78199999995,0.048077942161647978,669.66009155314805,0.9998373757574156,1.0,3,66.70079120345659,2.0647055311965747,0.4557524382074295,105.12464400900731,2.0647055311965747,0.4557524382074295,19.80798693850893,0.9561257919368062,0.08849512358514099,4,"P0242_orientationJ_ImageJ.txt, P0243_orientationJ_ImageJ.txt, P0244_orientationJ_ImageJ.txt, P0245_orientationJ_ImageJ.txt"
417_09,1,1294265.9076972164,2588543.8153944327,2588562.9731355379,391.17794400291677,2.7147567821014632e-19,265908.59289999987,0.041553844897045146,452.14565722251172,0.99999250209403223,1.0,3,93.2653126884837,7.7497143192032585,0.07225574068875107,76.67362626083958,7.7497143192032585,0.07225574068875107,90.17382556643012,1.1212264898383002,0.8554885186224979,4,"P0249_orientationJ_ImageJ.txt, P0247_orientationJ_ImageJ.txt, P0248_orientationJ_ImageJ.txt, P0246_orientationJ_ImageJ.txt"
423_09,1,1134162.1486451223,2268336.2972902446,2268355.4550313498,674.10602389982,7.0885536101577722e-61,230464.14810000014,0.056328638518273147,724.13185493199933,0.99969809124992981,1.0,3,77.65591159199984,1.7466107066572043,0.44732030782205545,93.46459922077298,1.7466107066572043,0.44732030782205545,166.67704885440094,2.0335006535556497,0.1053593843558891,4,"P0252_orientationJ_ImageJ.txt, P0251_orientationJ_ImageJ.txt, P0253_orientationJ_ImageJ.txt, P0250_orientationJ_ImageJ.txt"
